ram_mb,created_date
4096,1/8/2015 16:56
4096,5/14/2015 16:46
2048,1/29/2015 21:07
8192,12/15/2015 18:24
4096,10/21/2014 23:39
16384,5/22/2016 6:10
16384,2/4/2015 14:30
32768,8/30/2016 19:42
32768,2/5/2015 22:51
8192,8/17/2015 16:32
4096,8/15/2013 13:38
4096,10/16/2014 11:57
4096,9/24/2014 16:21
8192,10/11/2014 22:08
12288,4/28/2015 22:40
16384,11/19/2015 23:40
32768,3/9/2015 18:09
4096,8/10/2015 17:32
65536,2/22/2018 15:11
16384,8/5/2013 22:27
4096,9/12/2014 13:18
16384,10/28/2016 10:22
32768,8/14/2017 18:30
4096,7/18/2014 14:31
4096,7/11/2014 15:36
16384,8/27/2015 18:04
4096,4/3/2014 14:03
8192,5/18/2017 14:07
8192,10/12/2017 21:15
4096,10/8/2014 15:22
32768,7/27/2016 16:38
4096,2/12/2018 19:30
16384,10/24/2017 20:25
16384,10/26/2017 20:39
4096,2/4/2015 23:08
32768,1/27/2017 17:20
32768,2/22/2018 12:20
4096,8/12/2015 19:53
4096,2/3/2015 18:53
32768,11/30/2017 20:07
32768,1/9/2015 18:14
8192,3/8/2017 17:42
16384,8/29/2014 20:14
32768,8/14/2017 16:20
16384,1/20/2016 12:08
32768,8/15/2017 13:49
65536,12/26/2017 17:51
4096,6/3/2015 12:35
8192,8/10/2016 13:56
4096,5/15/2015 11:42
8192,12/5/2017 22:08
32768,7/31/2014 21:04
8192,6/20/2017 17:22
4096,8/15/2014 19:09
4096,8/15/2014 19:07
16384,8/27/2015 22:50
4096,7/16/2014 12:50
16384,3/13/2017 15:07
32768,11/18/2016 16:08
4096,9/6/2015 9:30
32768,11/14/2014 0:23
4096,8/11/2015 17:18
4096,8/13/2013 15:18
8192,5/4/2015 18:30
8192,12/6/2017 17:25
65536,12/20/2017 17:00
4096,9/3/2014 15:30
12288,5/29/2015 17:55
12288,4/8/2015 19:20
12288,6/22/2016 18:21
16384,10/26/2017 20:18
32768,1/27/2017 18:49
4096,10/27/2014 20:20
2048,6/26/2014 19:11
8192,1/13/2018 12:24
4096,8/7/2015 15:59
32768,11/30/2017 19:48
32768,11/15/2016 19:41
16384,2/7/2018 23:55
32768,2/5/2015 15:18
4096,7/18/2014 14:44
8192,8/11/2015 23:02
16384,1/20/2016 12:03
16384,5/22/2016 4:10
8192,8/21/2015 20:54
8192,2/3/2017 16:33
4096,7/16/2014 12:13
4096,8/7/2015 15:41
16384,11/3/2015 17:21
32768,1/20/2016 14:11
32768,2/2/2015 18:49
4096,8/20/2014 13:14
32768,8/15/2017 13:32
8192,8/16/2016 18:27
4096,8/22/2014 21:07
4096,9/3/2014 15:43
6144,8/15/2013 13:28
4096,8/15/2013 14:05
8192,6/19/2014 13:27
32768,8/15/2017 13:09
8192,4/10/2015 17:09
8192,8/15/2013 13:52
16384,5/20/2016 11:34
4096,1/11/2016 11:39
16384,7/6/2016 10:41
6096,8/4/2014 21:48
32768,6/1/2017 15:07
4096,8/24/2013 1:52
1024,6/12/2015 12:07
4096,7/18/2014 14:34
32768,2/5/2015 22:54
4096,3/8/2017 16:55
4096,8/12/2014 22:14
8192,2/6/2018 20:41
32768,10/7/2014 21:32
16384,7/17/2017 19:08
4096,12/15/2014 16:22
4096,8/12/2015 19:49
16384,8/27/2015 22:58
8192,1/20/2018 20:01
16384,4/23/2015 19:25
4096,8/13/2013 15:00
4096,7/15/2014 18:33
16384,1/20/2016 13:55
12288,6/22/2016 18:08
8192,3/10/2016 14:05
4096,9/11/2014 17:32
4096,12/15/2014 16:28
8192,6/19/2014 18:19
4096,2/3/2015 18:02
49152,10/30/2014 18:32
16384,10/11/2016 16:42
4096,8/5/2013 22:14
4096,2/4/2015 23:05
16384,8/22/2017 21:44
4096,9/19/2014 18:13
4096,2/9/2015 23:37
4096,6/6/2014 16:52
8192,5/2/2017 9:42
8192,8/13/2013 15:51
16384,2/4/2015 14:02
4096,2/3/2015 17:47
16384,5/4/2015 16:20
12288,9/26/2017 0:47
8192,10/16/2017 13:44
8192,2/22/2017 16:23
8192,3/17/2016 21:58
4096,1/5/2018 22:27
4096,6/26/2014 19:03
4096,11/17/2015 1:06
4096,12/15/2014 16:25
4096,6/26/2014 18:58
4096,5/5/2015 18:51
16384,7/9/2015 12:37
32768,2/5/2015 22:56
4096,2/5/2015 15:05
4096,6/16/2014 15:18
16384,4/29/2016 10:08
4096,7/16/2014 12:30
4096,4/14/2017 20:05
4096,7/8/2014 15:50
4096,9/25/2014 14:02
4096,11/16/2014 16:34
8192,6/6/2014 16:37
6096,8/4/2014 21:39
4096,10/8/2014 16:09
8192,7/15/2014 17:20
4096,6/26/2014 21:30
32768,5/12/2015 12:12
32768,10/30/2014 19:03
4096,8/16/2013 12:57
12288,1/22/2016 11:32
8192,5/19/2016 15:44
8192,3/11/2015 22:29
4096,4/7/2015 16:44
16384,11/30/2017 17:04
32768,1/30/2017 14:44
16384,8/13/2013 14:38
8192,8/6/2015 15:18
4096,6/11/2014 17:56
16384,8/30/2017 19:46
8192,3/8/2017 18:10
16384,11/19/2015 23:53
16384,9/16/2014 17:11
32768,11/17/2016 15:33
65536,12/26/2017 17:48
8192,7/15/2014 17:28
16384,2/4/2015 14:18
12288,6/24/2015 14:29
32768,8/15/2017 11:14
16384,10/30/2014 18:00
32768,2/5/2015 15:05
12288,1/22/2016 12:04
4096,8/5/2013 21:32
4096,12/15/2014 16:35
8192,5/6/2015 19:31
8192,10/27/2015 15:20
4096,6/26/2014 19:03
16384,11/20/2015 17:18
8192,8/18/2017 14:30
4096,6/2/2014 14:41
8192,8/22/2014 21:10
4096,10/8/2014 16:04
4096,10/16/2014 11:28
4096,5/6/2015 10:44
16384,3/29/2017 13:26
8194,1/21/2016 17:00
4096,7/26/2017 18:57
32768,2/22/2018 12:33
8192,11/24/2015 14:12
16384,5/4/2016 19:23
12288,6/24/2015 14:23
8192,11/24/2015 14:22
12288,4/9/2015 10:39
12288,8/26/2015 15:57
8192,10/11/2017 11:47
32768,4/22/2015 16:19
32768,10/4/2017 21:14
4096,2/4/2015 23:11
16384,11/30/2017 17:22
32768,1/27/2017 17:15
8192,5/4/2015 10:12
16384,2/10/2015 14:32
32768,2/5/2015 17:30
4096,7/22/2016 14:39
20480,8/25/2014 21:04
32768,4/1/2016 18:21
8192,5/19/2016 15:40
4096,2/4/2015 23:03
32768,10/28/2014 17:38
32768,2/22/2018 12:29
8192,1/27/2015 21:48
4096,6/26/2014 19:28
16384,9/12/2015 13:17
8192,12/20/2017 21:30
8192,1/27/2015 21:39
16384,8/27/2015 22:42
4096,6/1/2015 14:31
8192,4/29/2015 16:45
4096,6/17/2015 20:10
4096,12/15/2014 16:38
4096,8/1/2014 19:58
4096,7/30/2014 16:29
16384,9/29/2015 16:48
8192,9/1/2017 15:27
8192,3/10/2016 13:57
4096,5/6/2015 15:30
32768,9/4/2015 12:52
4096,6/26/2014 19:20
16384,2/5/2015 23:16
4096,8/10/2015 19:48
4096,2/13/2015 6:09
8192,4/28/2015 18:16
8192,8/5/2013 21:11
8192,8/19/2016 19:32
4096,1/30/2015 18:42
65536,2/22/2018 15:18
32768,12/13/2017 20:46
32768,2/5/2015 23:01
12288,8/26/2014 16:58
8192,3/1/2016 17:46
16384,1/27/2015 21:28
8192,3/11/2015 21:16
8192,11/17/2016 19:02
4096,5/5/2015 21:30
32768,4/19/2017 15:30
2048,8/5/2013 21:24
16384,8/10/2017 19:15
4096,1/8/2015 16:56
4096,6/18/2015 14:55
4096,5/29/2015 13:38
4096,8/12/2013 16:59
4096,8/5/2014 16:27
4096,6/18/2015 14:27
16384,5/19/2016 10:54
32768,1/27/2017 22:13
4096,8/12/2013 14:58
4096,12/3/2014 20:56
4096,8/15/2013 13:48
8192,7/14/2014 15:44
8192,5/2/2017 9:50
16384,10/10/2014 17:02
4096,6/29/2015 16:27
4096,4/14/2017 17:59
4096,1/22/2015 14:22
32768,5/23/2017 12:49
32768,12/18/2017 17:25
4096,6/6/2014 16:22
4096,6/16/2017 14:43
4096,4/14/2017 16:48
8192,1/13/2018 12:37
4096,7/16/2014 12:47
4096,8/16/2013 12:53
8192,5/18/2017 20:36
16384,7/8/2016 20:11
16384,7/7/2016 15:03
49152,10/30/2014 18:38
4096,6/13/2017 15:44
4096,8/5/2014 17:30
4096,6/1/2017 11:58
8192,7/16/2014 12:37
32768,1/27/2017 22:01
16384,7/17/2017 15:39
8192,7/14/2014 15:59
12288,9/10/2015 20:29
16384,3/16/2015 10:13
4096,7/26/2017 18:29
4096,8/5/2013 20:41
32768,1/27/2017 18:32
8192,5/18/2017 16:13
16384,11/20/2015 12:32
65536,2/22/2018 15:01
4096,8/17/2015 17:12
16384,11/24/2014 18:34
65536,2/22/2018 15:05
16384,3/31/2015 18:50
12288,2/4/2016 17:04
4096,1/30/2015 18:40
4096,8/5/2013 22:34
4096,8/10/2015 15:50
16384,8/31/2017 15:44
32768,2/3/2015 19:56
32768,10/24/2014 19:13
4096,8/13/2013 14:03
4096,6/26/2014 21:42
4096,8/10/2015 22:37
4096,11/21/2015 19:17
4096,8/19/2014 15:28
16384,11/24/2014 22:03
12288,9/10/2015 20:34
8192,2/6/2018 20:08
8192,6/6/2014 16:41
4096,10/25/2017 0:05
8192,10/4/2017 21:11
9600,5/6/2015 17:07
16384,6/15/2017 14:22
32768,2/4/2015 22:57
32768,8/15/2017 14:57
32768,3/3/2015 20:35
16384,10/11/2016 16:48
4096,2/23/2015 16:52
6096,8/4/2014 21:51
4096,8/15/2013 14:06
4096,7/21/2016 20:19
32768,3/16/2017 19:33
32768,10/28/2014 16:02
16384,6/9/2015 15:43
4096,8/7/2015 13:17
4096,4/28/2015 17:58
4096,7/26/2016 20:53
4096,1/17/2017 22:45
4096,6/6/2014 16:26
4096,7/31/2014 20:57
4096,5/18/2017 16:34
8192,7/28/2017 16:08
8192,7/16/2014 12:39
16384,5/19/2015 17:21
32768,2/3/2015 20:02
32768,2/4/2015 23:37
8192,11/14/2015 20:29
4096,5/5/2015 18:59
16384,6/12/2015 14:37
8192,3/11/2015 22:29
4096,6/21/2016 19:02
4096,11/5/2014 16:20
4096,8/12/2014 22:16
32768,1/24/2018 19:16
4096,8/19/2014 21:44
4096,8/5/2013 23:05
32768,1/29/2018 12:29
4096,6/19/2014 17:46
32768,8/17/2017 14:30
12288,4/8/2015 17:20
32768,6/16/2014 15:39
4096,6/5/2015 17:41
8192,3/12/2015 11:12
4096,8/5/2013 21:58
4096,1/30/2015 18:48
4096,11/8/2017 14:25
4096,7/16/2014 22:44
8192,8/22/2014 20:57
16384,3/10/2015 15:52
32768,8/11/2017 20:08
4096,4/8/2015 19:24
32768,2/5/2015 17:27
32768,10/28/2014 16:41
32768,8/17/2017 19:32
16384,5/31/2016 16:25
16384,11/3/2015 17:42
4096,8/12/2014 16:12
16384,8/10/2017 18:28
4096,7/29/2016 16:55
4096,10/7/2015 12:05
4096,8/20/2015 16:16
32768,2/5/2015 22:57
4096,4/14/2017 17:48
16384,9/17/2014 22:41
4096,11/17/2014 1:43
16384,10/8/2014 18:49
12288,8/27/2015 17:56
16384,1/3/2017 21:20
32768,10/28/2014 17:33
4096,3/5/2018 22:48
4096,6/16/2014 15:15
32768,8/15/2017 11:36
32768,1/27/2017 21:39
8192,8/22/2017 20:27
4096,9/11/2014 17:19
16386,8/19/2014 15:31
8192,10/18/2017 18:54
8192,5/2/2017 18:46
32768,5/23/2017 14:15
4096,8/7/2013 13:48
32768,10/26/2014 14:56
4096,10/8/2014 14:41
12288,1/20/2016 13:15
4096,8/16/2013 19:36
4096,10/6/2015 14:30
4096,11/18/2014 14:55
32768,11/30/2017 19:55
16384,1/22/2016 13:34
8192,1/19/2018 19:53
20480,8/29/2017 22:21
16384,10/10/2014 16:57
16384,5/31/2016 16:32
32768,2/5/2015 22:59
16384,10/30/2017 18:01
32768,11/7/2017 20:25
4096,4/30/2015 11:17
16384,8/30/2017 19:35
4096,10/24/2014 22:43
16384,5/19/2016 10:44
6144,8/13/2013 15:54
4096,2/13/2015 6:16
4096,6/1/2015 13:52
4096,9/12/2014 13:25
16384,10/14/2015 23:43
4096,8/12/2013 15:03
4096,6/5/2014 16:16
4096,6/26/2014 21:25
8192,2/22/2017 16:41
16384,4/17/2015 21:36
16384,10/10/2014 16:47
4096,9/16/2014 17:42
65536,12/27/2017 13:01
12288,9/11/2015 13:13
8192,7/1/2015 21:20
4096,8/20/2015 16:18
4096,8/10/2015 17:43
16384,7/8/2016 20:55
8192,8/13/2013 16:29
16384,2/4/2015 14:06
16384,2/7/2018 16:43
16384,8/29/2014 20:20
4096,7/15/2014 18:36
4096,7/18/2014 14:21
4096,8/20/2015 15:58
16384,2/4/2016 12:14
16384,4/15/2016 12:55
16384,1/20/2016 12:06
32768,2/5/2015 16:51
16384,10/30/2017 17:52
16384,9/4/2015 1:53
8192,2/29/2016 22:01
8192,12/6/2017 17:02
6096,8/4/2014 20:43
8192,6/19/2014 13:26
8192,8/12/2013 15:02
4096,6/20/2014 17:53
8192,7/14/2014 15:53
4096,11/20/2014 22:04
4096,1/30/2015 18:50
4096,7/30/2014 22:33
4096,11/13/2014 23:58
4096,6/19/2014 17:41
4096,6/26/2014 18:53
4096,3/9/2018 22:04
16384,7/11/2017 14:48
4096,8/13/2013 15:24
8192,6/9/2015 10:51
4096,10/21/2014 22:55
8192,12/9/2016 22:10
32768,5/13/2015 10:11
32768,8/15/2017 14:44
32768,8/15/2017 12:42
32768,3/3/2015 20:23
4096,1/20/2016 13:27
16384,2/5/2016 15:42
16384,12/31/2014 20:36
4096,10/21/2014 16:43
16384,7/8/2016 19:37
8192,4/27/2015 21:38
16384,3/9/2017 14:55
32768,10/24/2017 15:59
8192,3/11/2015 22:23
12288,2/17/2016 14:56
32768,8/17/2017 15:24
4096,11/14/2014 0:03
4096,9/12/2014 11:17
4096,4/24/2017 16:16
16384,10/30/2017 17:27
4096,6/16/2014 13:22
8192,1/22/2016 12:21
8192,9/11/2014 15:50
4096,8/14/2014 20:28
4096,4/14/2017 18:14
4096,8/13/2013 17:31
8192,7/1/2015 15:56
4096,5/6/2015 13:24
6096,8/4/2014 22:35
16384,2/4/2015 14:28
8192,3/8/2017 16:55
32768,8/11/2017 20:13
32768,8/15/2017 11:23
32768,10/24/2014 12:22
4096,3/29/2016 12:13
8192,8/21/2015 20:48
16384,8/10/2017 19:30
4096,10/26/2014 15:18
4096,7/14/2014 16:09
6096,8/4/2014 21:44
16384,6/6/2014 16:50
4096,6/6/2014 16:29
1024,1/29/2015 21:07
4096,5/5/2015 20:37
16384,9/12/2015 15:43
16384,2/4/2015 14:08
49152,10/30/2014 18:58
1024,1/22/2015 0:10
4096,10/8/2013 18:31
32768,1/27/2017 17:00
4096,6/15/2015 13:29
4096,7/22/2015 14:51
4096,11/13/2014 23:53
4096,6/22/2017 20:57
8192,10/20/2017 16:19
8192,2/7/2018 18:49
32768,1/24/2018 18:33
4096,8/10/2015 16:01
4096,4/21/2015 21:06
16384,8/27/2015 23:02
32768,10/13/2017 21:24
32768,10/7/2016 14:26
60000,4/19/2017 14:56
4096,4/9/2015 17:15
32768,2/5/2015 22:49
8192,1/22/2016 12:19
8192,5/6/2015 16:07
32768,1/27/2017 18:11
16384,4/9/2015 17:11
4096,2/13/2015 6:13
16384,11/13/2014 20:24
16384,5/31/2016 16:06
4096,6/19/2014 17:06
4096,5/5/2015 20:27
4096,10/7/2014 20:01
4096,5/5/2015 22:55
32768,8/3/2016 18:28
8192,7/14/2014 16:07
8192,8/29/2017 14:23
4096,2/6/2015 23:07
8192,1/19/2018 19:46
16384,6/16/2014 15:21
4096,6/26/2014 18:45
4096,7/16/2014 12:12
4096,7/30/2014 22:31
4096,7/26/2017 20:17
8192,2/8/2018 19:49
8192,7/16/2014 12:38
32768,10/7/2016 15:11
16384,6/12/2015 15:02
16384,5/1/2015 14:38
4096,9/9/2015 10:49
16384,7/9/2015 13:02
32768,10/28/2014 17:26
32768,11/16/2016 19:17
4096,3/5/2018 22:35
4096,12/10/2015 11:06
4096,8/5/2013 21:14
16384,5/20/2016 10:55
4096,6/16/2014 15:17
1024,1/22/2015 0:10
32768,2/3/2015 19:50
16384,4/17/2015 22:11
32768,1/27/2017 21:58
16384,1/25/2018 15:47
4096,5/5/2015 20:32
4096,10/6/2014 16:06
4096,1/12/2015 20:41
32768,1/22/2016 12:23
8192,7/14/2014 16:06
16384,4/27/2016 17:21
4096,10/6/2015 15:36
4096,8/12/2017 15:02
4096,7/16/2014 12:30
8192,6/20/2015 20:17
4096,7/31/2014 18:35
4096,9/24/2014 16:18
32768,1/27/2017 21:52
32768,2/4/2016 23:36
4096,11/16/2016 14:22
7168,8/13/2013 15:30
8192,6/16/2014 15:06
4096,6/6/2014 16:46
16384,2/7/2018 16:29
4096,7/18/2014 14:16
32768,2/5/2015 17:35
16384,9/5/2014 22:21
4096,8/10/2015 17:14
4096,8/12/2015 19:36
4096,3/3/2015 16:08
8192,8/13/2013 13:50
4096,5/5/2015 19:21
4096,6/15/2017 16:15
4096,10/6/2015 14:33
12288,8/27/2015 18:02
4096,6/26/2015 19:49
16384,2/4/2015 13:56
8192,4/27/2015 22:20
4096,8/13/2014 19:46
16384,1/20/2016 13:42
4096,8/16/2013 13:38
8192,12/11/2015 12:18
8192,8/11/2015 22:54
4096,9/16/2014 16:37
32768,11/6/2017 19:19
8192,6/11/2015 16:50
16384,10/9/2015 22:05
16384,3/28/2017 19:54
8192,4/29/2015 20:24
12288,4/28/2015 21:52
8192,4/28/2015 22:23
16384,2/10/2015 14:34
16384,4/14/2017 18:40
16384,2/7/2018 16:37
4096,10/6/2015 15:33
32768,11/16/2016 0:33
16384,3/13/2017 15:09
4096,6/6/2014 16:24
8192,6/12/2015 19:09
8192,7/15/2014 17:15
32768,8/18/2017 12:32
4096,8/10/2015 15:44
4096,9/9/2014 14:22
32768,1/27/2017 18:22
8192,9/9/2014 21:18
8192,4/28/2015 18:24
32768,1/30/2017 18:53
32768,10/24/2017 20:32
4096,8/12/2017 15:29
4096,8/12/2017 14:47
4096,11/20/2014 22:21
32768,2/5/2015 17:33
12288,8/26/2014 17:05
8192,6/19/2014 18:21
16384,8/28/2015 11:00
4096,9/6/2014 0:50
16384,2/5/2016 16:33
32768,8/17/2017 19:22
16384,12/9/2015 17:56
16384,9/12/2015 15:15
4096,1/5/2015 17:05
32768,2/3/2015 19:52
1024,6/12/2015 11:33
8192,8/8/2015 12:43
16384,11/3/2015 17:34
4096,8/5/2014 15:51
16384,8/13/2013 17:32
4096,4/14/2017 20:33
4096,7/16/2014 12:49
16384,12/18/2014 21:20
32768,12/12/2017 20:07
4096,7/16/2014 22:41
4096,2/25/2015 0:41
4096,11/14/2014 0:00
4096,2/3/2015 17:12
4096,7/22/2016 10:37
4096,1/30/2015 16:22
32768,1/27/2017 21:42
4096,6/26/2014 18:45
8192,5/18/2017 14:43
4096,10/12/2017 19:44
32768,11/15/2016 20:33
4096,4/14/2017 20:20
16384,1/20/2016 14:15
16384,2/5/2016 17:26
32768,10/28/2014 16:58
8192,3/11/2015 22:03
4096,10/9/2015 18:56
16384,7/19/2016 17:28
4096,8/30/2017 19:58
32768,1/27/2017 18:46
4096,9/11/2014 16:20
4096,12/29/2014 17:48
4096,6/13/2017 16:32
16384,2/5/2016 16:18
8192,10/16/2017 13:58
8192,6/6/2014 16:43
12288,4/28/2015 18:59
8192,10/11/2017 13:51
16384,10/7/2016 16:41
8192,9/1/2017 15:22
12288,5/29/2015 11:37
12288,1/3/2017 16:15
4096,8/7/2015 14:04
32768,10/28/2014 16:50
4096,2/4/2015 23:14
16384,5/20/2016 10:48
7168,8/13/2013 23:00
4096,6/26/2014 18:54
4096,8/7/2015 18:39
8192,4/6/2016 15:49
16384,8/20/2015 22:07
4096,3/16/2016 17:05
4096,7/7/2014 19:14
4096,10/27/2014 20:38
32768,1/27/2017 20:52
4096,4/28/2015 18:15
12288,1/22/2016 12:00
4096,8/5/2014 17:21
4096,8/16/2013 19:21
12288,2/4/2016 14:30
49152,10/30/2014 18:55
32768,8/30/2016 16:19
4096,1/12/2015 20:47
32768,2/5/2015 17:38
8192,6/20/2014 17:44
4096,9/16/2014 21:48
16384,7/17/2017 19:01
12288,8/27/2015 14:03
16384,2/5/2015 23:20
32768,2/16/2017 15:51
4096,6/13/2017 18:02
8192,8/15/2013 13:52
4096,9/15/2014 17:18
16384,2/4/2015 14:32
8192,7/14/2014 15:47
16384,7/7/2016 19:13
16384,4/14/2017 20:30
16384,10/8/2014 18:46
4096,8/12/2017 15:14
16384,2/10/2015 14:29
8192,8/22/2014 20:43
32768,2/4/2015 23:37
16384,2/7/2018 21:35
16384,6/12/2015 15:53
4096,6/11/2014 17:55
32768,1/27/2017 17:10
4096,8/12/2015 19:20
32768,10/24/2014 12:51
8192,7/16/2014 12:37
4096,6/17/2015 18:56
16384,9/9/2014 23:55
16384,11/20/2015 14:36
8192,6/20/2014 17:42
4096,6/16/2014 13:17
12288,8/27/2015 18:07
4096,8/10/2015 22:32
4096,7/31/2014 16:40
4096,7/18/2014 14:24
4096,9/16/2014 21:43
16384,2/4/2016 21:19
16384,9/17/2014 22:48
16384,7/8/2016 20:10
12288,1/22/2016 11:24
32768,2/4/2016 23:39
16384,9/2/2016 12:23
16384,8/30/2016 15:28
65536,12/20/2017 17:06
8192,4/1/2016 18:01
4096,8/10/2015 13:31
4096,6/26/2014 20:50
4096,3/16/2017 19:42
4096,8/5/2013 22:44
4096,8/5/2013 22:56
16384,6/5/2015 23:15
4096,6/6/2014 16:14
4096,2/3/2015 18:57
4096,9/11/2014 17:49
16384,9/18/2014 14:06
16384,5/20/2016 11:25
16384,3/3/2015 20:49
4096,7/16/2014 12:48
4096,8/11/2015 17:31
16384,10/7/2016 21:00
4096,6/18/2015 14:46
16384,11/24/2014 18:32
4096,7/16/2014 12:46
4096,8/10/2015 15:27
4096,3/19/2015 14:40
12288,8/24/2013 2:03
4096,6/11/2014 19:01
32768,11/8/2017 9:54
4096,8/5/2014 16:33
8192,12/20/2017 21:37
8192,7/14/2014 16:03
4096,9/1/2015 18:18
4096,8/8/2015 12:29
32768,8/17/2017 19:39
4096,10/8/2014 15:07
32768,7/28/2016 13:21
4096,8/13/2013 14:03
12288,5/29/2015 16:07
4096,8/10/2015 17:24
8192,11/22/2016 14:14
32768,11/18/2016 15:55
32768,8/14/2017 16:49
12288,4/8/2015 19:37
8192,8/19/2014 18:54
12288,9/10/2015 21:35
8192,8/6/2013 0:04
65536,12/26/2017 17:45
12288,9/10/2015 20:22
8192,6/20/2014 17:41
4096,10/26/2014 14:51
12288,8/26/2015 17:05
32768,1/9/2015 17:11
12288,5/29/2015 12:59
4096,2/26/2015 15:07
16384,5/31/2016 16:35
32768,2/3/2015 20:14
12288,8/27/2015 14:09
32768,8/15/2017 11:48
8192,8/21/2015 20:36
4096,9/2/2016 12:03
4096,7/22/2016 10:02
4096,9/16/2014 17:45
32768,8/15/2017 13:55
4096,7/31/2014 16:42
32768,11/16/2016 0:31
4096,6/16/2014 13:20
16384,9/11/2015 15:21
4096,8/12/2014 16:15
4096,2/4/2015 22:56
4096,8/5/2013 20:43
32768,2/4/2016 21:49
4096,6/16/2014 18:55
8192,5/4/2015 10:04
4096,4/27/2015 22:09
32768,8/15/2017 13:19
16384,2/26/2018 17:03
8192,5/2/2017 18:59
4096,8/13/2013 13:55
16384,2/7/2018 21:30
4096,10/9/2015 17:34
4096,6/6/2014 16:49
16384,2/4/2015 14:26
4096,8/10/2015 17:28
8192,12/15/2015 18:31
8192,7/1/2015 13:20
32768,5/23/2017 14:12
4096,6/15/2017 16:21
4096,4/4/2016 21:12
16384,9/26/2017 0:49
8192,2/7/2018 19:17
8192,12/6/2017 19:09
32768,11/30/2017 22:42
4096,9/12/2014 12:31
32768,12/13/2017 20:24
4096,8/22/2014 21:13
32768,8/16/2017 19:28
4096,6/13/2017 16:12
4096,4/21/2015 21:26
4096,6/6/2014 16:18
8192,8/10/2016 13:32
16384,6/16/2014 15:26
32768,2/5/2015 22:53
16384,8/26/2015 19:56
4096,1/30/2015 18:44
4096,9/5/2014 23:47
12288,8/26/2015 16:58
32768,8/11/2017 20:21
8192,3/19/2015 14:38
8192,4/28/2017 13:49
8192,3/11/2015 22:12
16384,7/11/2017 14:57
4096,8/5/2013 23:31
32768,1/27/2017 18:18
4096,7/18/2014 14:40
8192,6/20/2015 20:10
32768,8/16/2017 21:41
16384,3/28/2017 21:42
4096,8/13/2013 17:09
4096,10/24/2014 22:40
32768,8/17/2017 15:22
4096,8/15/2013 13:12
4096,3/3/2015 16:28
4096,9/6/2014 0:00
12288,1/22/2016 11:42
16384,8/30/2017 19:53
4096,6/26/2014 20:50
16384,7/1/2015 17:58
8192,8/22/2014 21:05
16384,3/7/2017 15:57
32768,2/5/2015 16:48
32768,12/11/2017 19:27
12288,1/22/2016 11:48
16384,3/13/2017 15:11
4096,7/29/2016 15:27
32768,10/12/2014 15:46
8192,9/11/2014 18:47
16384,2/5/2015 23:14
4096,6/27/2017 11:36
16384,2/5/2015 23:11
16384,2/1/2016 13:10
16384,6/17/2014 18:12
4096,8/6/2013 0:36
4096,6/6/2014 16:48
4096,12/8/2016 16:15
32768,7/7/2016 20:21
4096,5/29/2015 13:47
4096,6/16/2014 15:55
16384,11/3/2015 17:28
16384,11/3/2015 17:59
8192,1/19/2018 20:23
32768,12/15/2017 15:37
32768,2/4/2016 21:42
8192,5/14/2015 16:46
16384,3/9/2017 15:02
32768,12/11/2017 17:28
32768,8/17/2017 16:14
12288,8/24/2013 5:33
32768,10/24/2014 12:54
32768,1/20/2016 14:13
4096,4/14/2017 19:35
4096,6/16/2014 19:32
4096,7/16/2014 12:12
4096,8/10/2015 17:19
32768,12/13/2017 20:08
16384,3/10/2015 15:43
4096,10/24/2014 22:45
4096,7/8/2015 11:53
16384,8/31/2017 15:38
16384,1/27/2015 20:53
8192,5/18/2017 14:12
12288,8/27/2015 17:42
16384,2/5/2015 23:18
4096,4/8/2015 18:52
32768,2/4/2015 22:21
4096,9/5/2014 23:01
16384,11/20/2015 16:56
4096,8/13/2013 13:55
12288,4/10/2015 10:26
8192,7/19/2016 16:28
4096,8/6/2013 0:01
16384,1/6/2015 18:43
4096,8/7/2015 20:09
32768,8/17/2017 15:27
4096,10/18/2016 13:03
16384,10/11/2016 16:49
4096,2/18/2015 23:25
8192,4/6/2016 22:41
16384,10/11/2016 16:46
4096,8/15/2013 14:05
4096,6/16/2014 15:20
8192,5/4/2015 18:35
16384,7/8/2016 20:14
8192,4/28/2017 14:06
4096,3/8/2017 18:34
4096,1/30/2015 18:45
16384,2/5/2016 12:54
16384,9/12/2015 13:23
8192,6/19/2014 18:25
4096,8/16/2013 20:05
4096,7/15/2014 18:38
4096,8/7/2015 16:57
4096,6/17/2015 19:40
32768,10/24/2014 12:47
4096,6/3/2015 16:26
4096,6/16/2014 15:56
4096,8/5/2013 23:10
16384,8/30/2017 19:19
32768,8/15/2017 15:08
4096,2/3/2015 17:54
4096,6/16/2014 13:23
16384,8/20/2015 22:02
8192,12/8/2016 18:17
4096,10/7/2015 12:24
4096,8/8/2014 16:44
4096,6/30/2015 14:57
4096,10/7/2015 15:02
4096,10/21/2014 18:25
8192,10/12/2017 21:27
4096,7/29/2016 17:59
4096,6/17/2015 18:42
4096,12/15/2014 16:26
32768,8/3/2016 18:26
32768,10/4/2017 16:11
65536,12/20/2017 16:51
32768,10/24/2014 11:58
4096,2/4/2015 23:00
16384,1/27/2015 19:56
32768,10/28/2014 16:06
8192,5/1/2017 20:28
4096,8/15/2013 14:06
12288,4/28/2015 19:39
4096,10/12/2017 20:43
8192,4/28/2015 15:28
4096,8/15/2013 13:50
4096,7/17/2014 18:22
32768,10/30/2014 19:01
16384,8/31/2017 15:52
4096,6/2/2014 17:17
12288,8/26/2015 15:41
32768,10/12/2014 15:39
16384,8/13/2013 13:46
65536,12/20/2017 17:09
20480,8/25/2014 21:14
4096,6/26/2014 18:58
12288,4/9/2015 15:57
8192,5/2/2017 10:31
8192,6/19/2014 13:25
4096,8/19/2014 15:26
16384,10/10/2014 17:04
32768,2/4/2016 23:58
4096,6/16/2014 18:56
16384,2/4/2015 14:12
32768,4/15/2016 14:45
4096,7/8/2014 15:43
4096,8/6/2013 0:12
32768,4/19/2017 15:56
8192,7/24/2017 19:48
8192,7/14/2014 16:05
8192,1/19/2018 19:45
8192,6/19/2014 13:24
4096,8/19/2014 21:45
8192,5/4/2015 14:03
8192,6/20/2014 17:46
16384,4/15/2016 11:29
4096,7/7/2014 19:16
32768,7/7/2016 19:03
32768,8/15/2017 10:58
32768,8/15/2017 13:23
8192,2/8/2018 19:45
4096,6/8/2015 12:15
4096,6/2/2014 14:42
4096,7/22/2016 10:59
8192,12/11/2015 12:26
16384,3/3/2015 20:54
16384,1/22/2016 12:24
4096,7/18/2014 14:19
32768,1/27/2017 20:57
32768,1/27/2017 18:40
32768,1/29/2018 12:39
16384,10/30/2014 18:09
32768,2/3/2015 20:11
16384,6/17/2014 18:13
4096,6/11/2014 19:02
16384,2/5/2016 16:25
16384,9/5/2014 21:59
16384,8/28/2015 10:57
4096,1/11/2016 11:36
4096,9/6/2014 0:20
12288,6/24/2015 15:05
8192,4/28/2015 21:37
4096,11/17/2015 1:16
4096,8/7/2015 13:57
4096,8/15/2013 18:55
4096,7/8/2016 16:39
4096,8/2/2016 20:17
8192,8/13/2013 16:46
4096,9/6/2014 0:36
16384,4/15/2016 14:32
4096,10/22/2014 15:45
4096,8/13/2013 16:17
4096,2/27/2015 17:50
4096,8/12/2013 19:20
4096,4/8/2014 15:54
4096,9/15/2017 20:07
16384,8/5/2013 17:27
4096,8/15/2013 13:28
4096,5/29/2014 21:57
4096,8/5/2013 21:55
4096,9/21/2015 16:24
4096,2/14/2018 14:17
4096,8/5/2013 22:51
4096,8/12/2013 15:15
4096,8/12/2013 23:06
4096,11/17/2014 1:35
16384,8/5/2013 17:31
4096,4/10/2017 16:21
4096,4/19/2017 13:32
4096,8/15/2013 14:02
4096,1/19/2016 18:37
4096,10/20/2017 20:33
4096,8/15/2013 13:33
8192,5/20/2014 17:08
4096,8/14/2015 22:02
4096,2/28/2018 22:15
4096,9/23/2015 17:00
4096,8/15/2013 13:50
4096,8/15/2013 13:57
4096,3/27/2015 13:47
8192,1/28/2015 16:17
4096,3/5/2014 19:48
4096,8/12/2013 15:16
4096,11/22/2017 12:15
4096,8/15/2013 13:30
4096,5/22/2014 21:01
4096,7/27/2015 19:18
8192,8/12/2013 14:54
4096,12/23/2017 22:21
4096,8/12/2013 16:10
4096,8/15/2013 13:50
8192,8/13/2013 16:31
4096,6/30/2016 13:20
4096,4/20/2017 18:08
4096,10/2/2015 15:29
4096,8/13/2013 17:30
4096,8/16/2013 17:32
4096,8/30/2017 21:23
4096,9/17/2015 21:06
4096,6/11/2015 16:11
4096,8/13/2013 16:43
4096,9/19/2017 19:28
4096,12/23/2017 9:39
4096,10/10/2014 17:49
2048,2/20/2014 2:21
4096,8/12/2013 15:06
4096,2/14/2018 19:19
4096,8/12/2013 15:00
4096,10/20/2017 0:17
4096,8/12/2013 14:49
4096,8/5/2013 21:28
4096,2/10/2017 9:16
4096,8/12/2013 15:13
4096,12/23/2017 6:44
4096,7/11/2017 19:31
4096,12/23/2013 14:20
4096,10/19/2017 17:35
4096,11/18/2014 3:52
8192,5/20/2014 17:09
4096,8/24/2013 0:28
4096,9/25/2013 17:03
4096,10/7/2013 15:01
4096,10/26/2017 17:51
4096,3/18/2014 16:36
8192,8/12/2013 15:03
24576,8/13/2013 16:22
4096,8/5/2013 23:33
4096,8/15/2013 13:38
4096,10/29/2015 18:34
8192,8/13/2013 14:04
4096,7/11/2017 22:16
4096,6/30/2016 13:18
4096,10/19/2017 13:38
4096,10/17/2017 18:02
8192,8/13/2013 17:17
4096,6/26/2013 18:07
4096,2/8/2018 21:19
4096,3/8/2016 16:53
16384,10/30/2013 21:00
4096,8/12/2013 16:34
4096,7/11/2017 19:20
4096,8/13/2013 16:24
4096,10/19/2017 14:30
4096,4/7/2014 19:20
4096,1/19/2016 18:37
4096,9/21/2015 16:24
4096,1/16/2018 20:30
4096,2/14/2018 14:17
4096,7/28/2017 20:12
4096,6/28/2016 20:40
4096,12/1/2017 23:46
4096,6/28/2013 18:56
4096,10/17/2017 18:27
4096,10/7/2013 15:01
4096,8/15/2013 16:15
4096,8/5/2013 17:26
4096,8/15/2013 4:08
8192,8/13/2013 15:27
4096,8/12/2013 15:08
4096,8/16/2013 19:21
4096,8/13/2013 13:47
4096,11/18/2014 4:05
4096,8/12/2013 14:49
32768,4/6/2016 12:04
4096,10/20/2017 20:01
4096,2/10/2017 9:08
4096,4/7/2014 19:20
4096,9/30/2013 19:03
4096,8/13/2013 13:49
4096,10/18/2017 19:58
4096,8/15/2013 13:43
10240,8/13/2013 13:33
4096,8/13/2013 0:52
4096,8/13/2013 14:04
4096,8/7/2017 20:06
4096,8/5/2013 22:06
4096,3/23/2015 16:52
4096,9/26/2017 18:44
4096,8/5/2013 15:52
4096,8/15/2013 13:44
4096,8/5/2013 15:49
4096,9/18/2013 13:42
4096,8/13/2013 17:02
4096,4/7/2014 16:52
4096,9/30/2016 19:24
4096,8/13/2013 15:13
4096,6/18/2015 20:12
4096,8/5/2013 23:34
4096,8/15/2013 13:31
4096,5/23/2014 19:35
4096,2/7/2018 19:38
4096,8/12/2013 20:34
4096,8/15/2013 13:37
4096,9/17/2015 20:20
4096,8/12/2013 16:29
4096,10/19/2017 21:50
4096,8/5/2013 22:13
8192,8/13/2013 14:00
4096,11/10/2014 15:52
4096,8/15/2013 13:46
4096,10/17/2017 17:42
4096,8/13/2013 13:51
4096,8/15/2013 13:52
4096,8/12/2013 15:01
16384,3/18/2014 13:03
8192,8/13/2013 12:59
4096,9/15/2017 19:13
4096,8/9/2017 21:24
4096,7/1/2013 15:24
4096,6/26/2013 14:06
8192,8/12/2013 17:38
4096,2/18/2018 18:12
4096,7/11/2017 18:58
4096,8/29/2013 19:49
4096,6/19/2015 16:57
4096,1/21/2015 23:56
4096,1/9/2018 13:48
4096,5/29/2014 21:57
4096,3/25/2016 15:35
4096,6/25/2013 13:16
4096,8/16/2013 15:18
4096,10/10/2014 17:49
4096,7/31/2017 13:28
4096,8/12/2013 16:32
4096,11/27/2017 13:18
4096,8/16/2013 17:32
4096,8/13/2013 13:52
4096,12/23/2017 8:19
4096,8/13/2013 14:05
4096,2/22/2018 17:17
6144,8/13/2013 14:12
4096,6/29/2017 18:57
4096,8/12/2013 17:40
4096,10/17/2017 13:38
4096,8/13/2013 16:41
4096,8/5/2013 15:50
4096,11/8/2016 17:17
4096,10/21/2016 20:55
4096,1/23/2018 15:33
4096,3/31/2014 17:11
4096,10/20/2017 1:27
4096,8/13/2013 13:55
4096,7/30/2015 17:14
4096,2/14/2018 19:04
4096,8/12/2013 14:47
4096,3/23/2015 17:56
4096,8/13/2013 13:45
6144,2/8/2018 20:05
8192,8/13/2013 13:51
4096,5/29/2014 21:57
4096,12/23/2017 22:15
4096,8/6/2013 16:22
4096,2/14/2018 0:02
8192,8/13/2013 13:41
4096,7/1/2013 16:54
4096,6/10/2015 1:48
4096,8/13/2013 13:49
4096,9/9/2014 0:05
4096,6/30/2017 21:46
4096,8/12/2013 14:58
4096,10/22/2015 16:18
4096,2/10/2017 9:09
4096,8/5/2013 23:04
4096,8/12/2013 14:51
8193,1/21/2016 16:58
4096,1/9/2018 18:32
4096,11/27/2017 14:07
4096,8/16/2013 12:52
4096,6/28/2016 20:55
4096,2/4/2014 15:17
4096,8/13/2013 13:46
4096,8/5/2013 23:32
4096,5/20/2014 17:10
4096,11/22/2017 16:20
4096,8/12/2013 15:04
4096,4/7/2014 19:21
4096,8/15/2013 15:06
4096,1/9/2018 17:01
4096,10/20/2017 21:18
4096,4/7/2014 19:20
16384,3/18/2014 13:01
4096,3/4/2015 17:16
4096,8/5/2013 17:32
4096,7/25/2015 14:25
4096,5/29/2014 18:35
4096,8/6/2013 16:14
4096,9/15/2017 21:02
4096,7/12/2017 18:59
4096,12/23/2017 2:10
4096,1/24/2018 21:44
4096,10/7/2013 15:53
4096,8/13/2013 13:45
4096,2/10/2017 9:08
4096,8/15/2013 4:09
4096,12/24/2017 1:45
4096,8/13/2013 13:56
4096,10/17/2017 17:56
4096,8/15/2013 13:47
4096,8/12/2013 14:56
4096,6/27/2015 15:41
4096,3/31/2014 17:11
8192,8/13/2013 16:20
8192,8/15/2013 13:41
4096,2/9/2018 22:03
4096,8/13/2013 16:49
4096,8/12/2013 14:57
4096,8/15/2013 13:34
4096,8/12/2013 18:00
16384,8/5/2013 21:36
4096,10/22/2017 13:39
4096,2/26/2018 2:00
4096,8/9/2017 17:57
4096,3/18/2014 17:26
4096,8/5/2013 23:31
16384,8/13/2013 13:47
4096,8/13/2013 13:36
4096,3/18/2014 14:52
4096,8/5/2013 23:18
4096,12/24/2017 1:45
4096,8/12/2013 15:05
4096,6/18/2015 20:12
4096,2/9/2018 22:39
4096,8/15/2013 13:28
4096,2/7/2018 20:00
4096,8/25/2017 18:04
4096,8/12/2013 15:02
4096,5/29/2014 21:56
4096,3/18/2014 13:05
4096,11/26/2013 19:13
4096,9/9/2014 16:33
7168,8/13/2013 15:40
4096,1/23/2018 16:32
4096,11/18/2014 15:04
4096,8/13/2013 16:57
4096,7/31/2017 12:07
8192,8/13/2013 17:28
4096,8/15/2013 13:40
4096,8/13/2013 17:07
4096,11/18/2014 15:32
4096,8/12/2013 22:56
4096,8/5/2013 17:26
8192,8/12/2013 18:48
4096,6/19/2015 18:48
6144,8/13/2013 17:19
4096,8/29/2013 14:06
49152,10/30/2014 18:11
4096,2/7/2018 18:48
4096,8/15/2013 12:55
4096,10/25/2017 14:03
4096,3/31/2014 17:16
4096,5/20/2014 17:09
4096,8/25/2017 21:33
4096,9/25/2013 13:33
4096,1/25/2018 23:01
4096,6/30/2016 13:18
4096,8/15/2013 13:44
4096,8/29/2013 20:21
24576,8/13/2013 14:53
4096,10/5/2015 16:20
4096,8/12/2013 16:29
4096,8/28/2017 16:17
4096,10/22/2014 14:17
4096,6/14/2016 20:27
4096,11/27/2017 15:38
4096,1/24/2014 14:44
8192,8/13/2013 13:00
4096,5/23/2014 19:41
4096,12/23/2017 1:42
8192,10/22/2014 13:36
4096,6/19/2015 16:57
4096,10/19/2017 20:58
4096,9/13/2017 21:29
4096,2/2/2015 15:52
4096,8/12/2013 15:15
4096,10/22/2014 15:45
4096,8/15/2013 13:29
8192,1/28/2015 16:17
4096,9/26/2017 16:00
4096,8/12/2013 18:48
4096,7/31/2017 12:30
4096,5/4/2016 20:00
4096,4/7/2014 19:17
4096,12/24/2017 3:14
4096,4/19/2017 16:42
4096,5/20/2014 16:20
4096,8/5/2013 20:58
4096,8/15/2013 13:39
16384,8/12/2013 18:29
4096,8/13/2013 14:14
4096,11/18/2014 3:38
16384,8/5/2013 15:47
4096,8/13/2013 15:16
16384,3/18/2014 13:05
4096,8/13/2013 12:50
4096,8/13/2013 13:57
4096,10/19/2017 20:34
4096,8/5/2013 21:09
4096,8/13/2013 13:49
4096,8/7/2017 16:35
4096,4/11/2017 5:26
4096,1/9/2018 17:58
4096,11/18/2014 4:16
4096,8/7/2017 17:17
4096,4/11/2017 6:53
4096,8/5/2013 22:00
4096,4/7/2014 19:19
4096,1/16/2018 20:34
8192,8/5/2013 22:59
4096,8/15/2015 16:00
4096,8/28/2017 17:01
4096,12/23/2017 2:40
4096,8/15/2013 13:30
4096,4/7/2014 19:22
4096,8/12/2013 14:59
4096,8/16/2013 12:50
4096,10/22/2014 15:22
4096,10/17/2017 18:22
4096,1/25/2018 23:08
8192,11/18/2014 16:37
32768,12/10/2013 19:53
4096,12/23/2017 7:33
4096,8/15/2013 14:04
4096,8/29/2013 14:05
4096,11/24/2015 20:59
4096,8/12/2013 18:28
4096,8/15/2013 13:53
4096,9/15/2017 18:38
4096,9/25/2014 14:11
4096,2/10/2017 9:16
4096,11/14/2017 21:09
4096,8/12/2013 20:14
4096,1/27/2015 19:17
4096,10/22/2014 15:45
4096,4/4/2016 17:28
4096,7/11/2017 19:31
4096,8/24/2017 16:40
4096,8/27/2013 15:09
4096,12/23/2017 22:49
4096,8/15/2013 13:57
4096,2/7/2018 18:55
4096,8/15/2013 4:09
4096,9/17/2015 20:20
4096,12/23/2017 23:55
4096,11/2/2015 22:59
4096,4/20/2017 16:31
4096,7/19/2017 18:11
4096,8/13/2013 14:48
4096,8/13/2013 15:02
4096,7/28/2015 19:24
4096,8/13/2013 14:24
4096,2/25/2014 21:10
4096,8/12/2013 14:54
4096,11/27/2017 14:06
4096,3/21/2014 15:08
4096,4/19/2017 13:32
8192,8/13/2013 15:09
4096,10/19/2017 21:44
4096,2/4/2015 20:38
8192,8/15/2013 13:48
4096,7/28/2017 15:50
4096,10/5/2015 14:37
4096,6/30/2016 13:20
4096,11/12/2014 19:18
4096,8/5/2013 15:22
4096,2/11/2014 15:04
4096,10/7/2013 17:26
4096,3/27/2015 13:47
4096,9/19/2017 19:40
4096,8/15/2013 13:41
4096,11/21/2017 15:53
4096,3/21/2014 15:08
4096,12/23/2013 14:20
16384,8/5/2013 23:12
4096,8/12/2013 15:43
4096,8/15/2013 13:29
4096,3/27/2015 13:34
4096,8/15/2013 13:50
4096,12/24/2017 3:14
4096,5/11/2017 14:21
4096,8/15/2013 13:38
4096,8/16/2013 17:31
4096,8/15/2013 4:09
4096,8/15/2013 14:31
4096,12/31/2013 14:29
4096,3/9/2015 21:11
4096,8/13/2013 15:50
4096,1/19/2018 16:59
4096,1/16/2018 21:57
4096,6/30/2017 21:34
4096,8/12/2013 14:58
4096,12/23/2017 1:42
4096,4/11/2017 5:26
4096,8/11/2015 20:38
4096,12/1/2017 22:07
4096,8/29/2013 14:06
4096,11/20/2015 16:33
49152,12/4/2014 22:21
4096,1/24/2018 14:10
4096,7/1/2013 16:36
4096,8/12/2013 15:05
4096,5/29/2014 18:31
4096,1/9/2018 17:11
4096,10/3/2017 14:34
4096,8/15/2013 18:57
4096,8/12/2013 15:01
4096,1/24/2014 16:26
4096,2/10/2017 9:08
4096,7/11/2017 19:31
4096,8/12/2013 19:28
8192,8/12/2013 18:56
4096,10/23/2017 12:16
4096,8/16/2013 12:58
4096,10/22/2014 17:30
4096,8/13/2013 14:10
4096,5/29/2014 21:57
4096,8/15/2015 16:00
4096,11/18/2014 15:04
4096,8/20/2015 18:04
4096,8/13/2013 17:55
8192,8/15/2013 18:56
4096,3/31/2014 17:11
49152,12/4/2014 22:20
4096,12/24/2017 1:47
4096,8/15/2013 13:19
4096,8/15/2013 13:52
4096,2/10/2017 9:08
4096,10/3/2017 13:14
4096,8/12/2013 15:46
4096,8/12/2013 14:52
7168,8/23/2013 14:43
4096,10/2/2014 23:40
4096,10/2/2014 23:40
4096,8/28/2017 16:12
4096,10/22/2014 17:30
4096,9/25/2013 16:38
4096,8/28/2013 19:20
4096,8/15/2013 13:57
4096,9/23/2015 17:00
4096,8/30/2017 20:00
4096,8/13/2013 16:42
8192,8/15/2013 13:50
4096,11/22/2017 17:06
4096,8/29/2017 23:04
4096,8/12/2013 13:58
4096,8/15/2013 18:56
4096,4/24/2014 17:26
4096,6/28/2016 20:55
4096,8/7/2017 17:42
4096,10/20/2017 23:35
4096,11/12/2014 22:20
4096,9/19/2017 19:12
4096,1/9/2018 18:02
32768,11/25/2013 23:07
4096,10/19/2017 15:07
4096,7/1/2013 14:53
8192,11/18/2014 15:43
8192,8/16/2013 19:16
4096,2/14/2018 17:46
4096,8/19/2015 20:53
4096,8/28/2013 19:20
4096,10/19/2017 22:59
4096,2/8/2018 19:44
4096,8/12/2013 14:25
4096,3/13/2014 15:51
4096,8/15/2013 13:54
4096,6/25/2015 15:21
4096,8/13/2013 16:45
4096,2/10/2017 22:35
4096,8/5/2013 15:49
32768,8/16/2013 12:55
4096,12/2/2017 2:52
10240,8/13/2013 13:58
4096,9/3/2013 16:35
10240,8/13/2013 17:24
4096,8/5/2013 15:46
4096,3/23/2015 17:56
4096,10/20/2017 21:18
4096,8/15/2013 13:49
4096,8/12/2013 18:20
8192,8/12/2013 17:34
4096,3/4/2015 21:42
4096,2/20/2018 23:36
8192,5/20/2014 16:20
4096,8/5/2013 23:16
4096,2/20/2018 23:36
4096,8/21/2013 20:03
4096,11/21/2017 19:08
4096,8/15/2013 13:28
4096,8/15/2013 13:37
16384,8/5/2013 15:45
4096,12/24/2017 3:13
4096,1/8/2018 20:20
4096,2/14/2018 18:30
12288,8/14/2013 20:10
4096,1/30/2018 12:45
4096,9/21/2017 17:57
4096,8/25/2017 20:52
4096,10/22/2014 17:30
6144,8/13/2013 16:06
4096,8/24/2017 16:44
4096,8/15/2013 13:53
4096,2/26/2018 0:02
4096,5/20/2014 16:20
4096,3/31/2014 17:15
4096,8/15/2013 15:22
4096,11/25/2013 21:27
4096,2/7/2018 19:02
4096,6/28/2016 20:43
4096,10/27/2015 18:11
4096,8/28/2017 16:52
4096,2/10/2017 22:35
12288,8/12/2013 14:57
4096,6/28/2013 18:40
4096,8/5/2013 21:04
4096,8/18/2014 1:31
4096,11/5/2015 19:44
16384,8/5/2013 20:46
4096,8/5/2013 23:31
4096,10/7/2013 17:47
4096,9/15/2017 19:49
4096,8/15/2013 13:49
4096,9/21/2017 21:22
4096,3/23/2015 17:22
4096,8/15/2013 13:46
4096,9/21/2017 18:51
4096,8/13/2013 17:26
4096,8/12/2013 18:06
4096,9/3/2013 16:35
4096,6/29/2017 20:46
4096,9/18/2013 13:46
4096,8/15/2013 18:55
4096,7/1/2013 14:15
4096,12/5/2017 13:23
4096,8/12/2013 16:54
4096,8/15/2013 13:48
4096,8/5/2013 22:18
4096,10/20/2017 23:35
4096,10/22/2014 15:22
4096,10/20/2017 23:35
4096,2/10/2018 1:24
4096,9/25/2013 16:38
4096,1/13/2016 23:14
4096,10/22/2014 15:45
4096,10/21/2017 1:40
4096,2/22/2018 14:59
4096,1/16/2018 21:00
4096,11/12/2014 22:41
4096,9/17/2015 15:20
4096,8/16/2013 17:26
4096,8/13/2013 14:45
8192,8/13/2013 17:14
4096,7/24/2015 13:03
4096,2/16/2018 18:13
4096,8/19/2013 15:37
4096,3/31/2014 17:11
4096,2/11/2014 15:03
4096,1/24/2014 16:13
4096,10/23/2017 12:16
8192,8/15/2013 13:44
4096,12/31/2013 14:28
4096,6/29/2017 20:22
4096,1/24/2014 16:14
8192,8/13/2013 17:24
4096,6/19/2015 16:57
4096,8/12/2013 14:52
4096,3/27/2015 13:53
4096,8/15/2013 13:44
4096,8/15/2013 13:55
4096,8/16/2013 13:23
4096,8/15/2013 13:41
8192,8/13/2013 15:39
4096,8/13/2013 14:00
4096,8/15/2013 13:42
4096,6/29/2017 19:08
4096,10/25/2017 16:28
4096,10/19/2017 19:40
4096,3/18/2014 16:36
4096,8/12/2013 18:09
4096,4/20/2017 16:08
4096,6/22/2017 19:31
4096,8/12/2013 15:14
16384,8/13/2013 13:58
4096,8/13/2013 16:58
4096,6/10/2015 18:12
32768,12/10/2013 19:54
4096,8/15/2013 13:45
4096,8/5/2013 20:41
4096,12/23/2017 2:12
8192,10/22/2014 14:03
8192,8/5/2013 23:11
4096,2/10/2017 9:08
4096,1/14/2016 20:13
4096,8/15/2013 13:49
4096,2/10/2017 9:16
4096,8/5/2013 15:46
4096,10/17/2017 17:42
4096,11/27/2017 15:24
4096,8/15/2013 13:35
4096,8/5/2013 22:35
4096,3/21/2014 16:19
4096,10/22/2017 12:00
4096,10/3/2017 13:15
4096,11/27/2017 13:28
4096,10/25/2017 15:43
8192,8/12/2013 15:10
4096,8/8/2017 13:08
4096,8/13/2013 13:42
49152,10/30/2014 18:20
4096,8/28/2013 18:41
4096,3/18/2014 14:52
4096,2/13/2015 22:52
8192,8/16/2013 16:24
4096,8/15/2013 13:37
4096,5/27/2015 18:29
4096,11/26/2013 19:12
4096,9/26/2017 16:16
4096,3/3/2016 14:13
8192,8/13/2013 13:53
4096,8/5/2013 23:11
4096,8/13/2013 16:45
4096,2/26/2018 2:00
4096,8/28/2017 17:05
4096,8/25/2017 17:33
4096,2/12/2014 17:10
4096,12/23/2017 10:24
4096,7/25/2015 21:16
4096,8/5/2013 15:46
4096,8/15/2013 13:41
4096,6/28/2016 20:34
8192,8/16/2013 18:35
4096,4/20/2017 16:31
4096,8/12/2013 15:16
4096,8/19/2013 15:36
4096,8/5/2013 23:43
4096,8/29/2017 17:52
8193,1/21/2016 16:56
4096,3/20/2015 18:38
4096,8/9/2017 21:24
4096,10/3/2017 14:13
4096,8/13/2015 21:51
4096,4/24/2014 17:26
4096,11/18/2014 15:13
4096,8/16/2013 17:41
4096,1/18/2016 20:53
4096,5/29/2014 18:35
4096,9/21/2017 21:14
4096,3/20/2015 16:47
4096,8/5/2013 15:54
4096,10/17/2017 17:56
4096,6/26/2015 10:30
4096,10/17/2017 19:23
4096,8/16/2013 18:43
4096,9/22/2015 19:12
4096,7/27/2017 16:43
4096,8/11/2017 16:37
4096,1/10/2017 17:49
4096,3/10/2015 20:28
4096,3/27/2015 13:47
4096,2/14/2018 13:42
4096,4/8/2014 15:54
4096,11/25/2013 21:30
4096,8/13/2013 14:17
4096,8/13/2013 15:59
4096,3/27/2015 13:47
4096,10/19/2017 21:44
4096,2/10/2017 9:08
4096,10/20/2017 1:32
4096,9/21/2017 20:48
4096,8/25/2017 20:47
4096,1/10/2017 15:58
4096,12/23/2017 9:25
4096,8/6/2013 0:21
4096,12/10/2013 19:53
4096,8/15/2013 13:56
4096,11/18/2014 15:13
4096,8/12/2013 14:52
4096,8/15/2013 13:37
4096,8/15/2013 13:47
4096,10/3/2017 13:09
4096,12/6/2016 15:16
4096,12/6/2016 15:13
4096,4/4/2016 18:24
4096,10/20/2017 23:35
4096,9/9/2014 16:38
4096,8/13/2013 13:54
4096,8/19/2013 13:00
4096,9/21/2017 22:59
4096,8/13/2013 13:46
8192,8/6/2013 0:04
4096,3/31/2014 17:11
4096,2/4/2015 20:48
4096,10/19/2017 23:06
4096,1/23/2018 18:27
4096,3/31/2014 17:11
8192,8/13/2013 14:05
4096,10/20/2017 1:27
4096,8/6/2013 0:01
4096,6/19/2015 16:21
4096,4/8/2017 3:55
4096,11/20/2014 16:30
32768,12/12/2013 18:16
4096,8/5/2013 21:15
4096,6/18/2015 20:12
4096,2/10/2018 0:46
4096,1/25/2018 18:40
4096,9/26/2017 16:12
4096,8/19/2013 12:54
4096,8/13/2013 14:15
4096,8/5/2013 22:14
4096,5/1/2014 16:12
4096,12/23/2017 23:47
8192,8/5/2013 15:35
4096,2/2/2015 15:48
2048,8/5/2013 21:06
4096,11/2/2015 23:00
4096,8/5/2013 17:31
4096,9/26/2017 16:08
4096,8/7/2013 13:43
4096,11/27/2017 16:12
8192,8/15/2013 13:19
4096,8/12/2013 16:03
32768,4/6/2016 12:02
4096,8/29/2017 23:09
4096,3/27/2015 13:47
4096,8/12/2013 15:00
4096,12/23/2017 23:58
4096,8/15/2013 13:13
4096,8/13/2013 14:17
4096,8/5/2013 21:01
4096,8/25/2017 21:17
4096,8/6/2013 0:32
4096,2/10/2017 9:16
4096,7/27/2017 15:43
4096,4/7/2014 17:12
4096,6/28/2016 20:40
4096,8/28/2017 16:45
4096,11/18/2014 15:32
4096,10/10/2014 17:51
4096,9/19/2017 19:20
4096,8/6/2013 0:01
32768,12/12/2013 18:17
4096,8/13/2013 17:07
4096,8/16/2013 17:19
4096,8/5/2013 23:25
4096,8/12/2013 15:06
4096,8/12/2013 14:10
4096,6/28/2016 20:34
4096,8/15/2013 13:44
4096,8/14/2015 22:02
4096,10/5/2015 14:14
8192,11/18/2014 15:43
4096,3/21/2014 16:19
4096,8/15/2013 13:55
8192,8/13/2013 13:52
4096,8/15/2013 16:06
4096,1/24/2014 14:44
4096,2/9/2018 21:54
8192,8/13/2013 16:39
4096,6/30/2017 18:43
4096,9/22/2015 19:13
4096,12/1/2017 22:19
4096,2/9/2018 21:54
4096,8/13/2013 16:42
4096,9/4/2013 16:28
4096,2/14/2018 18:30
4096,8/6/2013 0:28
4096,8/12/2013 14:59
4096,12/24/2017 1:29
4096,8/5/2013 15:52
8192,8/15/2013 13:44
4096,3/4/2015 17:16
4096,11/22/2017 16:13
4096,9/25/2013 16:38
4096,8/24/2017 19:50
8192,8/15/2013 15:32
4096,10/19/2017 15:56
4096,1/16/2018 19:17
4096,11/22/2017 16:05
4096,8/13/2013 14:38
4096,12/2/2017 1:37
4096,7/18/2016 14:56
4096,10/20/2017 21:18
8192,11/18/2014 16:11
4096,12/5/2017 14:17
4096,9/21/2017 18:01
4096,8/12/2013 14:50
4096,4/11/2017 6:53
4096,10/7/2013 17:51
4096,7/28/2017 19:27
4096,8/13/2013 17:50
4096,6/19/2015 16:29
4096,10/20/2017 0:17
4096,6/26/2013 14:19
4096,1/16/2018 22:41
4096,11/20/2017 23:59
4096,8/12/2013 18:01
4096,12/6/2016 15:25
4096,3/27/2015 13:47
4096,8/13/2013 16:24
4096,5/9/2017 13:05
4096,9/3/2013 14:02
8192,8/13/2013 14:00
4096,8/16/2013 19:25
4096,8/15/2013 13:34
4096,10/21/2017 1:40
4096,10/20/2017 20:01
4096,9/3/2013 14:31
4096,12/13/2013 19:23
8192,8/12/2013 16:36
2048,7/24/2015 12:14
4096,8/16/2013 16:20
4096,1/24/2014 14:44
4096,8/13/2013 13:54
4096,7/1/2013 13:36
4096,8/15/2013 13:57
4096,8/12/2013 16:48
4096,8/15/2013 4:07
4096,8/19/2013 16:43
4096,8/15/2013 13:52
4096,8/11/2017 16:37
4096,8/15/2013 13:46
4096,8/12/2013 15:02
8192,10/22/2014 14:03
4096,9/26/2017 19:02
4096,8/15/2017 13:51
4096,5/20/2014 17:09
4096,8/16/2013 12:37
4096,2/14/2014 14:50
8192,8/13/2013 13:51
4096,10/12/2017 18:03
4096,9/30/2013 19:03
4096,10/5/2015 14:37
4096,5/29/2014 21:56
4096,5/29/2014 18:31
4096,6/19/2015 16:12
8192,8/15/2013 13:39
4096,3/24/2015 15:57
4096,8/14/2013 20:26
4096,8/24/2015 16:35
4096,1/8/2018 20:19
4096,7/11/2017 20:56
4096,6/9/2015 22:52
4096,8/5/2013 21:59
4096,7/28/2017 20:24
4096,8/15/2013 13:32
4096,8/28/2013 18:40
4096,8/13/2013 14:04
4096,10/22/2014 14:17
4096,8/29/2013 14:04
4096,8/13/2013 13:52
4096,6/30/2016 13:18
4096,8/15/2013 13:39
4096,10/20/2017 21:12
4096,2/14/2018 20:19
4096,4/1/2014 14:10
4096,1/23/2018 15:43
8192,8/6/2013 0:21
4096,9/21/2017 17:42
4096,1/19/2016 18:09
4096,1/16/2018 19:17
4096,10/19/2017 23:06
4096,3/20/2015 15:23
8192,8/15/2013 13:44
4096,12/24/2017 1:29
8192,8/12/2013 17:15
4096,2/10/2018 1:57
4096,2/10/2017 9:08
8192,11/18/2014 16:11
4096,8/12/2013 14:50
4096,10/21/2017 1:40
4096,10/17/2017 17:46
4096,9/21/2017 21:23
4096,6/29/2017 19:29
4096,8/15/2013 13:40
4096,12/1/2017 22:09
4096,1/11/2016 21:14
4096,1/10/2014 17:21
4096,7/28/2017 21:02
4096,7/27/2017 19:32
4096,5/6/2015 23:10
4096,10/19/2017 18:34
4096,12/17/2015 21:02
8192,8/16/2013 12:59
4096,12/23/2017 9:59
4096,2/8/2018 21:19
4096,9/3/2013 14:31
4096,8/13/2013 14:13
4096,10/2/2014 22:05
4096,8/16/2013 13:48
4096,4/19/2017 15:14
4096,9/21/2017 18:47
4096,10/2/2014 23:40
4096,8/12/2013 22:12
4096,1/24/2018 13:36
4096,8/13/2013 14:06
4096,2/4/2014 15:17
4096,8/15/2013 16:11
4096,7/27/2017 19:23
4096,3/3/2016 14:13
4096,10/20/2017 0:17
4096,11/22/2017 16:58
4096,10/17/2017 20:06
4096,8/13/2013 12:55
4096,8/18/2014 4:20
4096,8/15/2017 13:58
4096,6/19/2015 16:12
8192,5/20/2014 16:20
4096,11/18/2014 2:56
4096,1/19/2016 18:27
4096,6/30/2016 13:18
4096,10/10/2014 17:51
4096,8/15/2013 13:43
4096,6/30/2017 21:46
4096,8/8/2017 15:02
4096,8/14/2013 20:39
4096,8/5/2013 22:41
4096,10/19/2017 17:29
4096,2/8/2018 19:46
4096,2/26/2018 4:01
4096,1/23/2018 17:28
4096,1/16/2018 21:17
4096,8/13/2013 13:47
4096,8/15/2013 13:22
4096,1/16/2018 19:46
4096,6/25/2015 13:35
4096,1/12/2016 13:30
4096,8/13/2013 17:21
4096,8/5/2013 21:15
4096,8/12/2013 23:00
4096,10/2/2015 15:11
4096,9/17/2015 21:05
4096,10/25/2017 14:48
4096,6/30/2017 20:50
4096,8/15/2013 13:50
8192,8/5/2013 20:38
4096,8/8/2017 14:09
4096,8/15/2013 13:38
4096,10/19/2017 16:48
4096,2/14/2018 17:50
4096,8/5/2013 20:42
4096,9/18/2017 20:58
4096,8/5/2013 23:25
4096,8/13/2013 14:45
4096,8/16/2013 19:24
4096,10/17/2017 17:56
4096,8/11/2015 20:18
4096,6/29/2017 20:03
4096,5/20/2014 17:08
4096,1/25/2018 23:41
4096,8/15/2013 15:33
4096,8/13/2013 13:41
4096,11/13/2014 1:03
4096,2/25/2014 21:09
8192,8/5/2013 22:20
8192,5/27/2014 14:25
4096,1/10/2014 17:21
4096,12/22/2017 23:56
4096,8/5/2013 17:26
4096,8/15/2013 13:44
16384,3/18/2014 13:03
8192,10/22/2014 13:45
4096,6/14/2016 20:29
4096,3/24/2015 14:32
8192,8/15/2013 15:47
4096,9/18/2013 13:42
4096,8/11/2017 12:21
24576,8/13/2013 14:55
4096,8/15/2013 14:08
4096,3/10/2015 20:28
4096,8/5/2013 17:28
4096,1/19/2018 15:25
4096,10/20/2017 20:11
4096,8/9/2017 18:09
4096,11/27/2017 16:12
4096,1/28/2015 16:09
8192,8/12/2013 15:36
8192,8/15/2013 13:50
4096,8/12/2013 15:00
4096,12/5/2017 13:51
4096,12/1/2017 23:46
4096,3/25/2016 15:53
4096,10/3/2017 13:53
4096,8/12/2013 15:08
4096,2/20/2018 23:36
4096,6/3/2016 14:13
4096,3/7/2016 20:42
4096,8/12/2013 14:50
4096,3/27/2015 13:53
4096,8/15/2013 13:29
4096,1/19/2016 18:37
4096,2/14/2018 21:50
16384,8/5/2013 15:45
4096,1/9/2018 17:59
4096,6/28/2016 20:40
4096,3/23/2015 16:52
4096,8/27/2013 15:09
4096,8/12/2013 15:15
4096,5/1/2014 16:12
4096,8/13/2013 13:58
4096,1/25/2018 23:42
4096,10/7/2013 17:38
4096,2/14/2018 19:05
4096,8/16/2013 15:28
4096,9/15/2017 19:08
8192,11/18/2014 16:37
4096,8/5/2013 17:32
4096,8/5/2013 21:57
6144,8/19/2013 15:55
4096,8/12/2013 14:51
8192,8/15/2013 13:37
4096,9/25/2013 16:38
4096,8/5/2013 20:39
4096,4/15/2015 19:11
4096,3/10/2015 20:28
4096,8/15/2013 13:30
4096,1/19/2016 18:27
4096,8/15/2013 13:43
10240,8/13/2013 14:47
4096,2/7/2018 18:41
4096,4/1/2014 14:10
4096,3/10/2015 20:28
4096,3/4/2015 21:42
4096,9/21/2017 17:49
4096,8/14/2013 20:29
4096,8/13/2013 13:49
4096,8/15/2013 14:12
4096,8/13/2013 15:20
4096,1/28/2015 16:11
4096,6/17/2014 18:05
4096,6/18/2015 20:20
4096,8/12/2013 15:00
4096,8/15/2013 13:37
4096,12/24/2017 1:46
4096,2/9/2018 22:39
16384,4/24/2014 17:26
4096,8/16/2013 18:39
4096,8/24/2013 14:40
24576,8/13/2013 14:17
4096,9/21/2017 20:48
4096,8/28/2017 15:29
4096,10/26/2017 17:10
4096,10/22/2014 17:31
4096,9/30/2016 19:35
4096,8/5/2013 15:51
4096,10/22/2015 15:54
4096,8/13/2013 14:05
4096,8/12/2013 14:53
8192,1/30/2018 0:45
16384,8/13/2013 14:07
8192,8/3/2015 20:14
8192,6/24/2015 20:43
8192,8/22/2017 18:42
16384,8/12/2013 16:38
8192,11/14/2017 20:32
8192,2/2/2018 17:26
8192,4/10/2015 14:49
8192,3/1/2018 23:22
8192,10/23/2017 19:25
20480,8/13/2013 15:33
8192,10/24/2014 19:28
8192,10/18/2017 18:35
8192,8/24/2017 19:46
8192,2/7/2018 18:33
8192,11/14/2017 18:15
8192,6/24/2015 20:42
8192,3/1/2018 0:42
16384,8/12/2013 16:34
32768,10/3/2013 17:02
8192,10/28/2017 20:44
8192,6/24/2015 21:01
8192,10/4/2017 17:48
8192,9/9/2014 23:32
8192,4/11/2016 17:02
4096,2/17/2016 18:32
8192,11/9/2015 19:25
4096,1/24/2018 14:10
8192,2/27/2018 22:11
12288,10/27/2017 14:17
16384,1/24/2018 14:40
8192,1/23/2018 17:02
12288,10/20/2017 13:14
8192,9/18/2017 18:33
8192,11/7/2017 19:07
8192,12/20/2017 17:48
8192,8/16/2013 16:45
8192,2/8/2018 17:44
8192,10/24/2017 22:51
8192,12/29/2017 17:56
8192,11/7/2017 22:19
8192,6/24/2015 20:33
8192,10/24/2017 23:04
8192,10/24/2017 18:33
16384,1/26/2015 18:06
8192,8/9/2017 21:49
8192,11/14/2017 18:16
8192,8/24/2017 18:09
12288,1/9/2018 16:06
8192,4/7/2017 19:45
8192,9/7/2017 12:41
8192,12/29/2017 22:04
16384,8/15/2013 13:38
12288,10/4/2017 17:52
8192,4/11/2016 17:02
8192,9/19/2014 21:14
8192,8/23/2017 15:48
12288,10/23/2017 23:21
8192,1/17/2018 18:22
8192,9/22/2014 22:22
12288,12/5/2017 20:03
16384,6/8/2017 17:11
8192,11/7/2017 20:53
4096,8/12/2013 15:02
8192,8/11/2017 16:23
8192,10/28/2017 16:27
8192,2/28/2018 22:15
8192,8/13/2013 16:24
8192,10/27/2017 19:16
8192,8/22/2017 16:09
8192,8/22/2017 20:31
12288,9/11/2014 16:15
8192,11/13/2017 20:18
8192,1/8/2018 16:53
8192,6/20/2016 18:13
8192,9/7/2017 13:07
12288,10/17/2017 18:01
8192,10/19/2017 15:51
8192,8/22/2017 16:13
8192,1/22/2018 23:05
8192,2/8/2018 18:42
8192,2/27/2014 22:09
8192,10/23/2017 21:13
8192,5/13/2014 19:40
8192,12/10/2013 17:22
8192,9/6/2017 19:44
8192,11/14/2017 19:17
8192,8/24/2017 19:50
8192,11/14/2017 17:45
8192,11/13/2017 19:48
8192,10/4/2017 18:31
8192,12/29/2017 17:56
8192,1/28/2017 15:11
12288,10/18/2017 19:38
32768,2/4/2016 23:43
32768,2/11/2016 22:52
8192,2/13/2018 22:20
32768,2/11/2016 23:04
8192,10/18/2017 18:30
8192,1/9/2018 20:38
8192,8/24/2017 16:40
8192,8/13/2013 16:48
12288,1/8/2018 17:29
8192,2/8/2018 20:25
8192,5/29/2015 20:13
12288,10/26/2017 18:07
8192,11/12/2015 23:17
8192,10/15/2015 22:04
8192,10/18/2017 17:19
8192,8/24/2017 2:11
8192,11/8/2017 21:28
32768,8/13/2013 13:53
8192,8/24/2017 15:47
8192,8/23/2017 16:12
8192,8/22/2017 20:03
8192,10/24/2017 21:40
8192,12/17/2015 21:23
8192,8/24/2017 16:02
8192,8/12/2013 16:29
8192,2/15/2018 17:53
8192,1/30/2017 15:51
12288,10/27/2017 20:20
20480,8/13/2013 16:05
8192,1/30/2018 19:01
8192,12/21/2015 21:45
8192,10/15/2015 22:16
8192,6/24/2015 18:12
8192,10/18/2017 18:15
8192,5/29/2015 21:17
8192,10/24/2017 23:11
12288,10/27/2017 17:11
8192,6/9/2016 14:50
8192,11/9/2015 20:34
8192,10/24/2017 23:04
12288,1/8/2018 16:54
8192,8/24/2017 15:58
8192,6/24/2015 20:43
8192,2/1/2018 0:43
8192,9/24/2014 22:15
12288,10/27/2017 15:26
12288,2/4/2016 17:40
8192,6/24/2015 21:50
8192,10/17/2017 22:01
8192,10/18/2017 20:23
8192,1/30/2018 0:46
12288,12/5/2017 20:13
8192,5/23/2016 14:53
8192,8/9/2017 21:49
8192,2/14/2018 16:53
8192,1/10/2018 18:26
8192,10/23/2017 20:37
8192,8/23/2017 19:52
8192,12/17/2015 21:03
8192,1/28/2016 22:02
12288,12/5/2017 19:17
8192,8/13/2013 13:58
8192,10/28/2017 23:15
8192,6/3/2015 22:39
8192,9/22/2014 22:28
8192,11/27/2017 19:17
12288,3/8/2017 16:44
8192,12/17/2015 21:23
8192,1/8/2018 23:06
8192,12/29/2017 21:22
8192,2/8/2018 17:38
8192,1/9/2018 20:10
8192,11/14/2017 19:02
8192,1/30/2018 20:22
8192,1/5/2018 19:50
8192,10/28/2017 21:00
8192,8/24/2017 17:49
8192,9/19/2015 17:36
8192,6/24/2015 21:58
8192,9/6/2017 18:18
8192,8/25/2014 19:23
8192,10/19/2015 22:17
8192,10/19/2015 22:17
8092,1/10/2014 17:22
8192,11/7/2017 20:25
8192,10/25/2017 17:56
8192,8/22/2017 16:25
8192,2/13/2018 22:20
12288,9/10/2014 19:31
8192,5/23/2016 15:39
8192,2/13/2018 13:20
8192,10/15/2015 22:16
16384,4/8/2015 19:31
32768,8/15/2013 18:56
8192,9/19/2014 20:47
8192,10/18/2017 19:37
8192,6/20/2016 18:11
8192,9/24/2014 22:42
8192,9/18/2015 16:46
8192,11/8/2017 20:38
8192,2/22/2018 19:45
8192,11/14/2017 19:33
8192,3/22/2016 18:37
8192,2/13/2018 22:20
4096,1/24/2018 13:36
8192,12/11/2017 19:41
8192,5/29/2015 21:09
4096,8/25/2015 19:40
4096,8/25/2015 15:36
8192,10/4/2017 17:44
8192,3/22/2016 18:37
8192,9/6/2017 17:38
8192,2/15/2018 17:08
32768,2/4/2016 23:54
8192,11/8/2017 21:01
8192,12/5/2017 22:30
8192,8/24/2017 3:33
8192,11/8/2017 19:40
8192,6/10/2015 16:36
8192,10/25/2017 17:50
8192,6/23/2016 13:14
32768,2/4/2016 23:49
8192,8/9/2017 17:10
8192,10/18/2017 18:56
8192,9/18/2017 21:11
8192,2/7/2018 23:48
8192,8/31/2017 19:07
12288,10/26/2017 21:53
8192,10/18/2017 18:51
8192,8/12/2013 19:09
16384,9/17/2014 18:11
8192,11/8/2017 20:47
8192,10/27/2017 13:45
8192,11/12/2015 20:08
8192,4/14/2014 14:32
8192,9/18/2017 20:42
8192,11/14/2017 21:28
16384,3/18/2014 14:20
8192,11/27/2017 22:03
8192,8/23/2017 16:16
8192,10/24/2017 21:34
8192,5/28/2015 13:50
8192,8/9/2017 21:12
8192,8/24/2017 2:00
8192,9/22/2014 22:32
8192,11/13/2017 19:56
8192,6/23/2015 22:14
8192,1/29/2018 23:49
8192,10/24/2017 18:37
8192,11/7/2017 17:23
8192,6/10/2015 13:56
8192,5/23/2016 14:52
8192,11/15/2017 17:53
8192,8/10/2015 21:32
8192,1/9/2018 20:08
8192,2/8/2018 20:24
8192,8/28/2017 17:52
8192,11/27/2017 21:44
8192,2/13/2018 18:02
8192,10/29/2017 21:47
8192,11/27/2017 22:31
4096,1/18/2017 16:55
8192,8/28/2017 17:46
8192,8/24/2017 2:00
8192,9/6/2017 20:07
8192,6/3/2015 22:31
8192,11/7/2017 23:01
8192,10/19/2015 15:33
12288,3/12/2018 20:06
4096,8/12/2013 16:01
8192,2/1/2018 17:51
8192,1/9/2018 17:02
8192,11/15/2017 20:50
8192,11/14/2017 19:01
12288,1/8/2018 16:51
8192,10/19/2015 15:33
8192,1/10/2018 17:46
32768,2/11/2016 22:56
8192,5/29/2015 21:17
8192,8/15/2017 17:27
8192,8/11/2017 18:12
8192,7/28/2015 16:29
16384,8/5/2013 23:42
8192,7/7/2014 19:53
8192,2/22/2018 19:51
8192,8/31/2017 19:54
8192,2/7/2018 18:50
8192,5/23/2016 18:04
8192,8/23/2017 16:16
8192,10/23/2017 22:04
8192,10/18/2017 19:32
8192,1/30/2018 0:30
8192,11/7/2017 22:47
8192,8/22/2017 18:13
8192,6/21/2016 14:20
8192,10/18/2017 19:37
8192,12/5/2017 18:59
32768,4/24/2015 13:53
8192,9/6/2017 17:26
8192,2/7/2018 23:39
8192,2/1/2018 23:34
8192,10/18/2017 19:37
8192,2/2/2018 0:43
8192,8/23/2017 15:52
8192,10/18/2017 18:56
8192,2/8/2018 18:52
8192,9/6/2017 16:20
8192,8/22/2017 17:19
12288,1/8/2018 17:29
4096,1/24/2018 16:25
8192,11/7/2017 20:25
8192,5/23/2016 16:08
8192,8/12/2013 15:47
8192,2/1/2018 0:24
8192,1/8/2015 22:25
8192,8/23/2017 16:16
12288,10/27/2017 20:20
8192,5/23/2016 15:39
8192,8/24/2017 2:00
8192,10/18/2017 18:51
8192,1/22/2018 21:48
8192,1/8/2018 19:31
8192,12/17/2015 21:03
8192,11/8/2017 18:26
8192,10/25/2017 19:19
8192,9/7/2017 12:49
8192,10/25/2017 17:56
8192,8/12/2013 16:29
12288,10/18/2017 19:01
8192,9/6/2017 19:28
8192,12/21/2015 21:45
8192,11/14/2017 19:33
8192,2/7/2018 19:14
16384,11/1/2013 14:48
32768,4/27/2015 22:42
8192,9/6/2017 18:31
8192,1/23/2018 18:53
8192,1/22/2018 20:27
8192,1/30/2018 18:39
8192,10/24/2014 18:04
8192,10/24/2017 22:40
8192,8/23/2017 20:08
8192,3/13/2018 15:55
8192,11/27/2017 20:25
8192,10/24/2017 16:29
8192,6/24/2015 18:12
8192,6/1/2016 19:04
8192,10/24/2017 22:34
8192,6/10/2016 17:52
8192,6/20/2016 18:00
8192,2/28/2018 18:13
8192,8/13/2013 14:31
8192,11/7/2017 23:34
8192,8/23/2017 19:56
8192,10/23/2017 21:01
8192,6/10/2016 18:41
12288,12/5/2017 19:13
8192,8/11/2017 16:37
8192,12/21/2015 18:38
8192,9/6/2017 15:44
8192,10/25/2017 17:44
8192,10/18/2017 19:37
8192,6/24/2015 19:47
32768,4/28/2015 15:01
8192,11/15/2017 17:59
8192,11/27/2017 19:28
8192,2/7/2018 16:20
8192,9/18/2015 16:46
8192,2/8/2018 18:35
8192,6/24/2015 20:05
8192,1/29/2018 23:48
16384,10/24/2014 20:00
8192,8/1/2017 18:48
8192,10/19/2015 15:33
8192,11/7/2017 19:50
8192,11/9/2015 19:54
8092,2/7/2014 21:02
16384,3/18/2014 14:20
8192,8/12/2013 20:18
8192,3/1/2018 17:23
8192,1/18/2018 12:57
8192,11/7/2017 19:14
12288,5/2/2015 12:38
8192,9/7/2017 12:45
8192,6/24/2015 21:59
8192,12/17/2015 21:05
12288,12/5/2017 23:02
8192,8/22/2017 18:13
8192,10/17/2017 21:46
16384,8/12/2013 15:58
8192,11/9/2015 19:53
8192,8/24/2017 16:36
8192,8/24/2017 2:04
8192,12/17/2015 21:03
8192,12/17/2015 21:03
4096,8/25/2015 14:52
8192,7/28/2015 16:30
8192,11/14/2017 18:15
8192,2/1/2018 1:37
8192,8/9/2017 21:24
8192,1/30/2018 0:17
8192,2/8/2018 17:19
12288,10/19/2017 22:13
8192,9/11/2014 14:45
8192,2/28/2018 22:15
12288,10/27/2017 16:12
8192,11/15/2017 20:30
8192,9/6/2017 16:32
8192,2/5/2015 21:15
8192,9/6/2017 19:24
8192,8/23/2017 19:56
8192,8/11/2017 16:41
8192,4/10/2015 14:42
8192,4/11/2016 17:03
8192,10/18/2017 18:35
8192,9/7/2017 18:09
8192,8/13/2013 13:42
8192,10/17/2017 22:12
8192,11/27/2017 20:18
8192,10/19/2015 15:33
4096,8/21/2015 22:07
8192,8/10/2015 21:42
8192,11/27/2017 19:53
8192,10/23/2017 18:52
12288,10/19/2017 14:01
8192,1/9/2018 17:01
8192,11/9/2015 21:55
8192,12/21/2015 19:10
12288,10/4/2017 18:35
8192,8/10/2015 21:42
8192,8/23/2017 15:52
8192,9/6/2017 19:57
8192,8/22/2017 18:25
16384,9/17/2014 18:23
8192,8/13/2013 14:55
8192,8/1/2017 19:25
8192,10/15/2015 22:27
8192,10/18/2017 18:25
8192,8/15/2017 19:14
8192,2/8/2018 19:34
8192,2/21/2018 1:37
8192,2/13/2018 18:02
8192,1/29/2018 18:10
8192,10/18/2017 18:51
8192,1/30/2018 0:22
8192,7/28/2015 16:20
8192,10/28/2017 16:43
8192,10/18/2017 17:19
32768,10/3/2013 17:02
8192,8/24/2017 17:49
4096,9/23/2015 16:35
16384,8/12/2013 15:01
8192,11/9/2015 20:35
32768,8/13/2013 15:25
8192,1/30/2017 16:16
8192,10/18/2017 18:25
12288,2/20/2018 23:36
8192,10/15/2015 22:27
8192,2/1/2018 18:06
16384,1/16/2014 21:38
12288,2/17/2016 12:36
8192,8/22/2017 18:39
8192,9/7/2017 19:05
8192,1/29/2018 23:49
8192,8/22/2017 17:19
8192,7/28/2015 16:20
8192,2/8/2018 18:57
12288,12/5/2017 23:01
8192,11/7/2017 19:00
8192,9/7/2017 14:40
8192,4/9/2015 17:20
8192,10/20/2015 16:28
8192,5/23/2016 14:53
8192,10/18/2017 17:48
8192,10/18/2017 18:51
8192,10/28/2017 16:43
8192,11/9/2015 19:54
8192,6/11/2014 16:51
8192,8/15/2013 18:56
8192,8/12/2013 15:51
8192,2/8/2018 20:24
8192,2/1/2018 23:25
8192,6/4/2014 20:54
8192,6/10/2016 19:07
8192,4/10/2015 14:49
8192,2/2/2018 0:02
8192,1/30/2018 0:01
8192,2/8/2018 16:50
8192,11/7/2017 20:03
8192,10/29/2017 20:28
8192,2/1/2018 0:37
8192,2/27/2018 22:11
8192,8/23/2017 15:52
8192,8/28/2017 17:52
8192,10/19/2017 17:02
8192,11/9/2015 20:08
8192,8/29/2015 16:46
8192,11/12/2015 23:17
8192,1/23/2018 15:24
8192,10/17/2017 21:34
8192,8/22/2017 19:59
8192,2/7/2018 23:39
8192,5/23/2016 15:39
4096,3/29/2016 13:06
8192,8/9/2017 17:21
8192,2/2/2018 0:31
8192,1/30/2018 20:22
16384,10/25/2014 11:28
12288,10/19/2017 15:19
8192,2/8/2018 18:39
32768,5/5/2015 18:49
10240,8/15/2013 13:38
8192,9/6/2017 18:14
8192,1/8/2018 23:02
8192,6/3/2015 18:56
12288,12/5/2017 20:13
8192,8/5/2014 14:55
8192,3/23/2016 19:12
8192,8/9/2017 17:46
8192,6/24/2015 21:59
8192,6/20/2016 18:00
8192,2/22/2018 19:45
4096,8/21/2015 18:21
12288,10/19/2017 19:57
8192,11/27/2017 19:22
8192,8/22/2017 16:25
8192,9/7/2017 18:05
8192,9/8/2017 14:30
4096,8/25/2015 15:37
8192,6/3/2015 18:56
8192,1/12/2018 16:46
8192,4/28/2015 17:09
8192,8/24/2017 2:08
8192,2/6/2018 22:56
8192,9/24/2014 21:57
8192,11/14/2017 18:25
32768,8/12/2013 17:11
8192,11/12/2015 21:07
8192,10/19/2017 17:45
8192,5/23/2016 15:39
8192,1/9/2018 16:05
8192,8/24/2017 3:10
8192,10/19/2015 15:33
8192,9/6/2017 20:18
8192,8/24/2017 19:50
8192,8/15/2013 13:43
12288,10/19/2017 13:23
8192,10/27/2014 19:47
8192,2/6/2018 22:11
8192,10/17/2017 21:23
8192,8/12/2013 16:57
8192,8/23/2017 16:08
8192,2/1/2018 23:25
12288,3/8/2017 16:00
8192,9/15/2015 16:58
8192,9/6/2017 15:53
8192,4/10/2015 14:49
8192,8/24/2017 19:46
8192,8/9/2017 18:44
8192,1/23/2018 17:45
8192,11/14/2017 17:37
8192,10/23/2017 22:10
8192,9/19/2014 19:35
8192,2/8/2018 0:28
8192,6/24/2015 18:12
8192,11/14/2017 22:07
8192,11/14/2017 23:02
8192,6/24/2015 18:13
8192,8/24/2017 15:51
32768,8/5/2013 23:32
12288,1/8/2018 17:27
8192,9/6/2017 15:40
16384,8/13/2013 16:34
14336,4/24/2014 13:38
4096,8/25/2015 14:53
8192,1/9/2018 19:42
8192,8/22/2017 16:13
8192,11/16/2017 21:57
16384,2/4/2016 18:55
8192,10/12/2017 16:43
8192,10/4/2017 18:31
8192,5/23/2016 16:08
8192,10/18/2017 18:30
8192,2/20/2018 23:36
32768,8/13/2013 16:08
8192,11/27/2017 20:26
8192,4/11/2016 16:47
4096,8/25/2015 13:35
12288,10/27/2017 16:05
8192,10/26/2017 17:52
8192,9/19/2015 17:38
8192,10/27/2014 17:14
8192,2/8/2018 19:20
8192,11/14/2017 18:51
8192,10/26/2017 22:58
8192,6/21/2016 14:27
8192,10/24/2017 23:11
8192,6/23/2015 22:14
8192,9/6/2017 22:53
8192,8/25/2014 19:24
12288,3/12/2018 18:14
8192,8/29/2015 16:52
8192,11/27/2017 20:17
8192,6/25/2016 3:11
12288,10/27/2017 15:27
8192,10/19/2017 17:02
16384,7/29/2016 16:35
8192,10/18/2017 19:37
8192,6/10/2015 22:53
8192,10/18/2017 18:30
32768,8/13/2013 13:56
8192,9/6/2017 19:33
8192,8/15/2017 19:27
16384,8/5/2013 22:37
8192,10/24/2017 22:52
8192,2/8/2018 18:40
8192,11/9/2015 19:54
8192,11/27/2017 20:58
4096,8/4/2014 21:40
8192,10/18/2017 18:56
8192,8/24/2017 16:48
8192,8/23/2017 15:52
8192,8/22/2017 19:59
8192,9/19/2017 19:36
8192,9/10/2014 14:55
8192,6/23/2016 13:14
8192,10/23/2017 21:06
8192,3/12/2018 20:06
32768,10/3/2013 17:02
8192,9/18/2017 18:29
8192,8/12/2013 17:21
8192,6/10/2016 17:47
8192,6/23/2015 22:14
8192,8/5/2013 23:18
8192,10/24/2017 22:10
8192,8/1/2017 19:01
8192,8/22/2017 18:47
8192,3/1/2018 21:21
16384,8/5/2013 17:26
8192,2/13/2018 18:02
12288,2/17/2016 17:38
8192,1/9/2018 19:41
8192,11/7/2017 23:01
8192,8/11/2017 16:23
8192,9/6/2017 16:24
8192,6/9/2015 16:56
8192,2/3/2016 18:57
8192,11/12/2015 20:08
8192,8/9/2017 20:35
8192,10/24/2017 23:04
8192,9/6/2017 20:02
8192,6/21/2016 14:20
8192,2/8/2018 18:37
8192,1/10/2018 17:46
8192,2/8/2018 19:33
8192,10/24/2017 21:52
32768,8/15/2013 18:56
12288,3/12/2018 14:05
8192,9/6/2017 19:48
8192,10/19/2017 13:27
8192,10/19/2017 17:02
8192,8/23/2017 20:08
8192,6/3/2015 18:44
8192,10/17/2017 23:13
12288,10/26/2017 21:52
32768,6/16/2014 15:49
12288,10/27/2017 15:26
16384,10/25/2014 10:25
8192,8/29/2015 16:45
8192,12/29/2017 22:11
8192,8/23/2017 16:16
8192,2/8/2018 0:05
8192,8/24/2017 19:50
8192,11/13/2017 20:03
8192,11/27/2017 22:04
16384,3/27/2014 14:47
8192,11/15/2017 17:38
8192,11/27/2017 19:42
8192,8/23/2017 19:56
8192,6/24/2015 19:47
4096,6/16/2014 15:28
8192,6/21/2016 14:27
8192,8/23/2017 19:56
8192,2/8/2018 20:25
12288,11/6/2017 17:24
8192,1/9/2018 16:10
12288,10/19/2017 12:54
8192,8/9/2017 18:21
8192,2/28/2018 22:15
8192,2/8/2018 17:29
8192,8/23/2017 19:09
12288,12/5/2017 22:31
8192,6/24/2015 18:03
16384,8/13/2013 13:37
12288,10/27/2017 14:30
8192,12/11/2013 13:17
8192,10/23/2017 20:13
8192,2/8/2018 0:20
12288,10/23/2017 22:05
8192,2/8/2018 18:42
8192,10/27/2017 14:51
8192,1/30/2018 18:24
32768,5/5/2015 20:12
8192,8/29/2015 16:45
32768,5/5/2015 20:39
8192,1/8/2018 19:32
8192,12/20/2017 17:25
8192,10/24/2017 17:23
8192,2/8/2018 18:44
8192,11/12/2015 23:17
8192,9/18/2017 18:41
8192,2/13/2018 18:02
8192,7/28/2015 16:20
8192,11/9/2015 20:07
8192,10/18/2017 19:37
8192,11/9/2015 19:25
8192,10/18/2017 19:37
8192,1/30/2018 18:38
8192,8/11/2017 16:41
8192,8/24/2017 3:07
8192,9/6/2017 19:33
10240,8/13/2013 16:16
8192,8/3/2015 21:40
16384,10/18/2017 15:12
8192,11/16/2017 20:09
8192,8/4/2015 0:09
8192,10/23/2017 20:31
8192,12/21/2015 18:38
8192,10/17/2017 21:40
16384,12/31/2014 22:54
8192,5/29/2015 20:06
8192,10/25/2017 17:56
8192,9/6/2017 16:12
8192,2/8/2018 18:36
8192,10/28/2017 23:59
8192,10/12/2017 17:17
8192,2/8/2018 19:22
8192,10/19/2017 13:27
8192,2/20/2018 23:36
8192,3/12/2018 20:06
8192,2/7/2018 23:56
8192,1/30/2018 19:02
8192,8/13/2013 13:48
8192,11/14/2017 17:45
8192,10/29/2017 22:38
8192,9/7/2017 12:50
8192,1/30/2018 0:00
8192,10/24/2017 21:52
8192,8/23/2017 19:56
8192,11/13/2017 20:33
8192,11/14/2017 23:10
8192,9/7/2017 19:01
8192,10/25/2017 19:19
8192,8/24/2017 3:29
8192,9/29/2014 21:43
12288,10/17/2017 13:52
8192,2/13/2018 23:44
8192,2/1/2018 17:42
8192,11/27/2017 22:01
8192,4/11/2016 17:03
8192,3/13/2018 14:10
8192,10/19/2015 22:17
8192,12/21/2015 18:44
8192,8/11/2015 14:09
16384,10/25/2014 10:49
8192,2/6/2018 22:30
8192,11/9/2017 22:54
8192,3/1/2018 21:21
16384,8/12/2013 19:13
8192,11/12/2015 21:21
12288,10/27/2017 14:23
4096,8/21/2015 21:58
8192,2/8/2018 19:19
8192,3/1/2018 21:21
8192,8/23/2017 16:12
8192,10/24/2017 23:04
8192,2/1/2018 1:01
8192,8/24/2017 19:50
8192,8/15/2013 13:53
8192,10/26/2017 19:16
8192,10/19/2017 17:30
12288,11/6/2017 17:45
16384,8/5/2013 21:55
8192,12/17/2015 21:03
8192,2/1/2018 1:00
8192,12/21/2015 19:10
8192,1/28/2016 21:47
12288,12/5/2017 23:41
8192,2/15/2018 17:54
8192,10/18/2017 18:45
8192,8/4/2015 0:09
8192,10/25/2017 17:56
8192,9/11/2014 14:49
8192,8/24/2017 19:50
8192,9/6/2017 19:32
8192,1/22/2018 21:04
8192,11/16/2017 0:05
8192,12/5/2017 19:46
32768,10/30/2013 21:00
32768,8/5/2013 22:24
8192,12/17/2015 21:22
8192,7/28/2015 16:12
8192,10/23/2017 20:31
8192,6/10/2015 16:16
8192,1/23/2018 20:09
8192,2/22/2018 17:17
8192,8/10/2015 21:22
8192,2/8/2018 18:44
12288,10/27/2017 15:26
8192,8/24/2017 16:55
4096,4/10/2015 0:46
8192,11/9/2015 20:07
12288,12/5/2017 20:09
8192,10/26/2017 17:40
12288,10/18/2017 12:34
12288,9/13/2017 13:52
8192,12/29/2017 21:23
8192,12/17/2015 21:03
8192,9/13/2017 18:52
8192,2/13/2018 21:11
8192,6/24/2015 19:47
8192,2/15/2018 16:49
8192,11/9/2015 21:55
8192,6/16/2015 17:43
8192,1/18/2017 16:46
8192,3/25/2014 17:11
8192,2/27/2018 22:10
8192,2/22/2018 18:31
8192,9/6/2017 15:44
8192,12/29/2017 23:00
8192,9/11/2014 14:39
32768,8/6/2013 0:18
4096,8/12/2013 14:53
12288,12/5/2017 23:39
12288,12/5/2017 22:31
8192,9/25/2014 3:05
8192,10/17/2017 21:46
32768,8/13/2013 16:16
8192,11/14/2017 20:32
8192,1/23/2018 18:53
8192,12/20/2017 17:48
8192,10/25/2017 17:56
8192,12/29/2017 23:25
8192,6/23/2015 22:24
8192,1/23/2018 20:00
8192,10/23/2017 20:37
8192,8/1/2017 23:02
12288,3/9/2017 14:21
32768,4/28/2015 15:11
8192,10/19/2015 15:33
8192,10/18/2017 19:01
8192,8/24/2017 2:04
12288,10/27/2017 16:05
8192,10/23/2017 20:19
8192,11/12/2015 21:54
8192,5/12/2015 15:11
8192,8/3/2015 21:40
12288,10/23/2017 19:26
8192,8/23/2017 16:28
8192,9/6/2017 16:32
8192,11/8/2017 19:40
8192,10/15/2015 21:52
8192,2/13/2018 22:20
8192,10/11/2017 18:28
8192,1/30/2018 19:50
16384,8/15/2013 13:43
8192,1/29/2016 13:41
8192,10/24/2017 20:44
8192,10/11/2017 19:05
8192,3/1/2018 19:22
8192,8/24/2017 2:54
8192,4/10/2015 14:49
8192,8/9/2017 17:10
8192,8/15/2017 17:27
8192,6/25/2016 3:10
12288,10/27/2017 21:56
8192,11/9/2015 20:35
8192,2/8/2018 17:18
12288,10/27/2017 17:10
8192,12/21/2017 1:01
8192,2/1/2018 0:29
8192,6/16/2015 15:26
8192,2/13/2018 18:50
8192,2/1/2018 0:24
8192,8/22/2017 18:25
8192,10/27/2014 16:54
8192,6/24/2015 21:39
12288,11/6/2017 20:17
8192,1/28/2016 21:47
16384,8/19/2014 21:49
8192,10/25/2017 12:35
8192,1/30/2018 18:40
8192,8/22/2017 20:03
8192,2/1/2018 0:43
8192,8/5/2013 22:15
8192,1/23/2018 19:09
8192,2/8/2018 19:07
12288,8/13/2013 13:38
8192,2/7/2018 23:56
8192,7/28/2015 16:30
8192,8/11/2017 16:37
8192,9/6/2017 17:26
8192,6/24/2015 21:58
8192,10/24/2017 18:13
8192,9/22/2014 22:37
8192,6/24/2015 20:33
8192,5/13/2014 19:41
8192,11/9/2015 22:08
8192,10/19/2015 22:05
8192,4/10/2015 14:42
8192,8/15/2013 14:41
12288,12/5/2017 20:12
8192,11/14/2017 19:40
8192,8/22/2017 15:51
12288,8/13/2013 16:43
8192,8/24/2017 2:04
12288,12/5/2017 23:03
8192,8/24/2017 15:58
12288,1/8/2018 16:54
8192,2/1/2018 1:06
8192,2/1/2018 0:32
8192,2/8/2018 19:35
12288,10/17/2017 13:51
8192,6/21/2016 14:23
8192,11/27/2017 19:18
8192,1/29/2018 23:54
8192,12/20/2017 17:25
8192,10/18/2017 19:37
8192,10/26/2017 18:00
8192,8/22/2017 19:16
8192,8/23/2017 16:19
8192,10/28/2017 20:52
8192,11/8/2017 21:51
8192,10/25/2017 19:19
16384,11/1/2013 14:47
8192,11/7/2017 19:50
8192,8/9/2017 17:45
8192,10/18/2017 18:19
12288,12/5/2017 22:31
8192,11/14/2017 19:25
8192,2/1/2018 1:37
8192,6/24/2015 19:29
12288,12/5/2017 19:30
8192,3/3/2014 18:50
8192,4/11/2016 17:02
12288,3/13/2018 14:09
4096,8/25/2015 19:30
8192,6/25/2016 3:11
8192,4/14/2014 14:36
16384,8/15/2013 15:07
32768,2/11/2016 23:01
12288,10/19/2017 19:20
8192,10/27/2014 19:26
8192,10/24/2017 21:46
8192,12/17/2015 21:03
12288,10/27/2017 16:12
16384,11/1/2013 14:48
8192,8/13/2013 14:17
8192,10/19/2017 14:20
8192,11/14/2017 18:15
8192,2/22/2018 17:17
12288,3/9/2017 14:21
8192,12/21/2015 21:45
8192,11/7/2017 20:53
12288,8/13/2013 15:51
8192,1/5/2018 19:49
32768,12/13/2013 14:31
8192,10/19/2015 22:17
12288,10/27/2017 17:11
8192,12/11/2013 13:17
8192,9/6/2017 20:02
16384,8/15/2013 13:35
8192,9/19/2017 19:36
12288,12/5/2017 23:40
12288,12/5/2017 20:03
8192,10/29/2017 20:36
8192,11/9/2015 19:53
8192,10/24/2017 23:11
8192,2/8/2018 18:59
8192,10/24/2017 18:38
8192,11/8/2017 21:28
8192,10/25/2017 17:56
8192,10/18/2017 19:01
8192,10/25/2017 17:50
8192,2/13/2018 21:11
8192,11/15/2017 20:44
12288,11/6/2017 20:24
12288,10/27/2017 17:34
8192,12/20/2017 16:56
4096,1/24/2018 14:09
12288,11/6/2014 17:14
32768,8/5/2013 22:25
32768,2/5/2016 12:57
32768,2/5/2016 13:06
4096,5/7/2015 12:50
32768,8/15/2013 14:42
12288,8/17/2017 4:47
16384,10/18/2017 18:44
32768,12/5/2017 22:31
32768,10/13/2017 16:34
8192,11/7/2017 23:42
12288,1/23/2018 18:41
32768,1/9/2018 19:41
32768,10/17/2017 22:35
8192,10/29/2017 21:46
8192,11/7/2017 19:00
12288,1/24/2018 0:52
32768,1/2/2018 19:12
12288,2/22/2017 19:42
32768,10/23/2017 20:37
12288,8/17/2017 4:32
12288,10/26/2017 0:52
12288,1/9/2018 16:28
16384,3/18/2014 14:20
8192,1/8/2018 20:32
16384,10/31/2017 23:22
16384,10/23/2017 20:12
16384,10/23/2017 21:18
32768,10/27/2017 15:26
16384,11/7/2017 22:05
8192,2/7/2018 13:00
12288,1/9/2018 19:49
16384,10/23/2017 20:31
8192,11/8/2017 21:28
8192,11/15/2017 20:51
32768,12/5/2017 20:11
32768,10/23/2017 20:19
8192,11/8/2017 19:31
16384,11/1/2017 0:58
32768,8/13/2013 15:15
16384,3/11/2014 20:29
12288,1/9/2018 19:49
32768,10/11/2017 16:33
8192,10/23/2017 21:58
8192,2/8/2018 17:54
16384,10/17/2017 19:27
32768,10/23/2017 19:55
32768,12/29/2017 18:05
8192,10/29/2017 21:39
8192,1/25/2018 23:47
16384,10/17/2017 21:01
32768,10/28/2017 23:50
12888,1/14/2016 20:07
32768,10/27/2017 14:04
32768,1/10/2018 17:46
32768,1/8/2018 17:29
12288,10/24/2017 18:07
32768,1/2/2018 18:27
16384,10/23/2017 17:54
16384,1/23/2018 17:04
12288,10/25/2017 14:09
32768,10/17/2017 21:51
8192,2/8/2018 17:52
12288,10/2/2017 17:36
16384,11/1/2017 2:21
8192,2/8/2018 17:56
32768,10/25/2017 19:20
32768,10/11/2017 16:33
12288,11/7/2017 19:56
8192,3/1/2018 23:46
12288,10/25/2017 18:48
32768,12/5/2017 20:05
12288,1/8/2018 18:32
8192,2/6/2018 19:24
8192,1/29/2018 14:32
12288,2/28/2018 22:15
12288,10/18/2017 19:37
32767,4/20/2017 17:39
16384,10/28/2017 23:42
12288,10/24/2017 20:44
32768,10/23/2017 3:09
16384,3/18/2014 14:20
32768,1/2/2018 18:17
12288,10/18/2017 18:45
8192,2/8/2018 18:24
12288,8/17/2017 4:48
12288,10/28/2017 21:08
8192,1/25/2018 23:42
8192,10/28/2017 20:52
8192,10/29/2017 21:47
12288,1/23/2018 17:00
12888,6/16/2016 20:26
16384,10/18/2017 15:33
16384,7/9/2015 15:38
16384,1/23/2018 19:38
32768,1/2/2018 18:41
12288,1/22/2018 18:16
8192,10/24/2017 23:16
32768,1/2/2018 17:56
8192,1/25/2018 23:19
12288,10/25/2017 19:45
32768,10/17/2017 19:22
32768,1/2/2018 19:15
32768,11/7/2017 23:01
16384,8/13/2013 15:59
16384,1/23/2018 22:01
12288,2/13/2018 18:02
16384,10/17/2017 22:40
16384,11/14/2017 21:59
16384,11/1/2017 0:50
12288,10/29/2017 0:30
8192,2/7/2018 13:11
8192,11/9/2017 19:45
16384,1/22/2018 17:51
8192,10/25/2017 16:28
32768,1/8/2018 19:37
8192,2/8/2018 17:49
12288,8/17/2017 4:39
8192,1/25/2018 23:19
12288,1/8/2018 18:33
8192,2/6/2018 18:06
16384,11/15/2017 18:07
8192,2/6/2018 19:55
32768,1/2/2018 18:26
32768,12/29/2017 23:15
32768,10/27/2017 20:13
17000,11/19/2015 18:18
8192,11/7/2017 20:04
8192,11/8/2017 18:26
12288,2/13/2018 18:02
12288,2/17/2017 20:25
32768,1/2/2018 16:33
12288,10/24/2017 21:57
32768,1/8/2018 18:44
12288,10/28/2017 23:50
32768,10/23/2017 2:26
32768,10/18/2017 19:42
12288,1/9/2018 19:42
12288,1/23/2018 21:47
16384,11/15/2017 19:30
12288,1/23/2018 22:55
8192,4/2/2016 19:45
32768,10/27/2017 16:13
32768,10/11/2017 18:50
8192,2/8/2018 18:21
12288,1/23/2018 19:28
12288,10/26/2017 18:33
12288,11/7/2017 20:25
12288,10/26/2017 17:17
8192,2/8/2018 17:48
12288,10/29/2017 22:45
32768,1/2/2018 19:15
8192,10/29/2017 22:08
12288,1/9/2018 20:11
32768,1/9/2018 16:08
8192,1/25/2018 23:41
12288,10/25/2017 15:43
32768,10/27/2017 15:26
8192,10/28/2017 21:15
32768,10/23/2017 19:55
32768,9/15/2015 14:30
32768,10/23/2017 1:42
16384,7/9/2015 15:39
32768,10/27/2017 15:26
32768,10/23/2017 17:31
8192,11/9/2017 18:54
32768,1/2/2018 17:56
8192,1/18/2018 12:57
8192,11/7/2017 19:50
8192,10/19/2017 17:02
32768,12/5/2017 20:00
8192,1/8/2018 18:31
32768,10/28/2017 23:24
16384,11/7/2017 19:14
16384,10/23/2017 20:30
16384,11/7/2017 20:32
8192,11/8/2017 23:32
8192,2/8/2018 18:23
12288,8/17/2017 4:44
16384,10/31/2017 23:22
32768,12/5/2017 19:08
16384,3/25/2015 16:11
12288,3/6/2018 23:18
16384,1/20/2018 2:49
8192,2/6/2018 18:02
32768,10/23/2017 20:31
12288,10/26/2017 12:30
8192,10/29/2017 21:47
16384,10/17/2017 19:37
16384,1/20/2016 14:02
16384,12/19/2013 14:12
12288,10/19/2017 22:06
16384,1/23/2018 19:39
32768,10/27/2017 16:12
16384,11/19/2015 18:17
32768,12/29/2017 22:11
16384,11/1/2017 6:22
12288,10/25/2017 16:28
16384,10/18/2017 17:58
16384,7/28/2015 21:43
32768,10/18/2017 23:02
12288,10/25/2017 0:46
32768,10/18/2017 20:18
12288,10/30/2017 0:14
32768,10/18/2017 15:33
12288,10/26/2017 0:58
32768,1/23/2018 17:56
12288,10/25/2017 14:48
32768,12/5/2017 23:40
8192,2/7/2018 14:10
16384,1/23/2018 21:56
16384,11/1/2017 6:14
12288,1/23/2018 23:22
12288,3/1/2018 0:48
16384,8/12/2013 16:31
32768,12/5/2017 22:31
32768,11/7/2017 22:19
16384,5/27/2015 21:35
8192,12/29/2017 21:37
16384,3/19/2015 14:34
16384,1/20/2018 2:49
32768,10/28/2017 23:58
8192,1/8/2018 19:32
32768,12/29/2017 23:57
16384,10/24/2017 17:16
12288,1/24/2018 0:51
12288,1/24/2018 1:05
16384,1/20/2018 2:49
8192,11/9/2017 19:36
8192,11/7/2017 20:53
32768,1/2/2018 19:11
16384,5/23/2017 16:06
12288,1/23/2018 18:21
12288,10/24/2017 21:20
32768,10/23/2017 2:26
16384,11/1/2017 1:35
12288,1/9/2018 20:10
32768,10/23/2017 20:43
32768,12/5/2017 19:21
8192,10/23/2017 20:18
8192,10/25/2017 15:32
8192,11/8/2017 19:40
16384,11/1/2017 1:35
32768,10/18/2017 23:08
8192,10/29/2017 22:01
12288,8/17/2017 4:29
16384,10/17/2017 22:46
32768,1/2/2018 18:37
12888,1/15/2016 19:02
8192,10/17/2017 21:23
12288,2/17/2017 19:59
12288,10/24/2017 23:09
16384,8/18/2015 22:52
32768,11/7/2017 18:48
32768,1/23/2018 17:45
16384,11/1/2017 1:27
12288,1/23/2018 18:39
32768,12/29/2017 18:14
32768,10/23/2017 20:55
8192,7/28/2015 21:43
8192,11/8/2017 21:28
32768,10/27/2017 19:23
32768,1/2/2018 18:42
16384,10/23/2017 21:18
12288,10/26/2017 22:57
32768,1/2/2018 18:20
16384,10/17/2017 20:09
32768,10/22/2017 21:41
32768,10/29/2017 22:08
16384,11/1/2017 1:27
12288,10/26/2017 13:28
32768,10/27/2017 16:12
16384,10/31/2017 22:47
8192,1/25/2018 23:27
12288,10/25/2017 20:25
32768,10/23/2017 2:26
12288,10/17/2017 21:40
16384,8/12/2013 18:23
32768,10/27/2017 15:26
32768,10/18/2017 18:09
12288,1/23/2018 17:46
16384,11/19/2015 19:18
12288,2/13/2018 18:02
16384,7/28/2015 22:55
32768,1/2/2018 18:27
16384,10/31/2017 22:39
12288,2/17/2017 19:59
32768,10/11/2017 19:27
32768,12/29/2017 23:47
8192,11/9/2017 19:29
8192,11/9/2017 18:28
16384,11/1/2017 1:28
8192,10/23/2017 19:21
12288,8/17/2017 4:58
16384,5/23/2017 16:28
32768,12/5/2017 20:11
8192,10/28/2017 23:24
12288,10/18/2017 18:56
8192,10/28/2017 16:42
16384,1/23/2018 16:59
16384,10/13/2015 16:41
16384,1/23/2018 23:12
12288,10/26/2017 19:44
32768,12/29/2017 22:59
32768,1/2/2018 14:05
12288,10/25/2017 16:28
8192,2/8/2018 17:24
12288,8/17/2017 4:48
32768,1/2/2018 19:42
12288,10/26/2017 17:10
16384,10/24/2017 17:11
12288,10/25/2017 14:15
12288,10/17/2017 21:11
32768,10/28/2017 23:50
32768,10/23/2017 20:43
32768,1/9/2015 15:47
12288,10/26/2017 22:57
32768,1/9/2015 15:20
16384,10/18/2017 17:48
8192,11/9/2017 21:24
32768,10/11/2017 17:40
32768,10/23/2017 2:04
32768,12/5/2017 23:02
16384,10/23/2017 20:12
8192,11/7/2017 20:03
32768,2/5/2016 13:37
32768,6/15/2015 16:00
16384,1/23/2018 19:38
32768,12/29/2017 23:24
8192,11/8/2017 23:40
16384,11/19/2015 16:31
8192,11/7/2017 19:21
16384,10/28/2017 23:59
8192,1/25/2018 23:35
16384,1/8/2018 19:31
32768,10/25/2017 18:30
32768,12/29/2017 23:58
16384,11/19/2015 20:31
8192,10/25/2017 15:43
32768,12/5/2017 23:02
8192,10/25/2017 16:09
8192,1/25/2018 23:25
32768,12/29/2017 21:22
12288,10/24/2017 18:07
12288,10/24/2017 14:45
8192,1/9/2018 20:53
32768,12/29/2017 23:48
16384,11/1/2017 1:35
12288,1/23/2018 17:04
32768,10/23/2017 1:20
12288,3/1/2018 17:23
8192,12/4/2015 17:43
12288,3/1/2018 0:54
16384,12/2/2015 17:16
32768,11/8/2017 20:38
16384,2/4/2014 17:22
32768,8/15/2013 14:22
32768,12/5/2017 19:03
8192,11/13/2017 21:56
8192,10/20/2015 19:48
8192,2/6/2018 19:54
8192,10/23/2017 21:25
12288,11/7/2017 20:39
16384,1/23/2018 19:38
12288,1/23/2018 23:53
32768,6/15/2015 15:51
16384,11/1/2017 2:28
16384,5/23/2017 16:20
32768,10/27/2017 14:57
12288,10/2/2017 18:51
32768,10/23/2017 2:10
16384,5/27/2015 21:25
32768,12/5/2017 22:32
12288,10/25/2017 18:48
12288,1/9/2018 16:24
8192,2/8/2018 18:21
17000,11/19/2015 18:31
32768,1/2/2018 17:55
12288,1/9/2018 16:10
16384,1/9/2018 20:38
32768,10/22/2017 21:41
8192,12/4/2015 18:47
12288,1/9/2018 19:48
12288,10/17/2017 21:40
8192,1/29/2018 14:38
12288,10/25/2017 15:43
32768,12/5/2017 20:12
16384,10/29/2017 0:38
32768,10/23/2017 2:31
12288,10/25/2017 17:50
32768,10/22/2017 22:14
16384,1/10/2018 18:26
32768,10/22/2017 17:18
8192,11/7/2017 23:01
32768,1/8/2018 17:27
8192,10/23/2017 20:31
8192,12/29/2017 23:22
16384,10/17/2017 20:04
12288,10/24/2017 15:59
16384,10/23/2017 17:37
12288,10/26/2017 19:43
12288,10/17/2017 19:32
8192,11/8/2017 22:28
16384,1/23/2018 18:31
8192,11/19/2015 18:55
12288,12/6/2017 4:30
12288,10/25/2017 20:31
12288,1/23/2018 23:54
16384,10/29/2017 0:37
16384,3/11/2014 20:29
32768,1/9/2018 20:09
32768,1/20/2018 2:49
32768,10/29/2017 0:38
8192,10/23/2017 17:54
32768,10/25/2017 19:01
8192,1/2/2018 14:05
32768,11/7/2017 20:25
12288,10/25/2017 14:09
32768,10/23/2017 21:58
8192,11/19/2015 18:18
8192,11/9/2017 19:07
8192,4/2/2016 19:59
32768,10/23/2017 17:31
8192,10/28/2017 16:35
12288,10/27/2017 1:03
12288,10/24/2017 14:45
32768,1/23/2018 18:29
8192,2/8/2018 17:45
16384,1/23/2018 19:09
12288,1/20/2018 2:49
16384,1/23/2018 18:32
8192,11/19/2015 18:55
16384,10/23/2017 20:24
8192,1/17/2018 18:30
16384,8/18/2015 21:22
32768,10/17/2017 22:07
16384,1/9/2018 21:17
16384,10/18/2017 17:47
12288,10/26/2017 20:32
32768,10/27/2017 17:41
8192,1/25/2018 23:34
32768,11/7/2017 22:12
12288,10/26/2017 20:32
16384,10/23/2017 20:24
12288,2/13/2018 18:02
16384,10/31/2017 23:15
16384,1/20/2018 2:49
8192,11/9/2017 21:03
32768,12/29/2017 23:02
12288,2/13/2018 18:02
16384,10/18/2017 17:24
16384,11/19/2015 18:17
12288,1/24/2018 16:59
32768,12/5/2017 23:39
12288,1/9/2018 16:20
32768,10/22/2017 23:25
32768,10/23/2017 2:26
12288,10/29/2017 22:08
8192,2/6/2018 18:01
16384,10/25/2017 16:04
8192,10/28/2017 23:59
8192,2/8/2018 18:19
12288,10/25/2017 14:16
8192,1/17/2018 18:19
8192,11/8/2017 21:01
32768,12/29/2017 21:29
32768,10/28/2017 21:08
32768,1/2/2018 20:20
8192,11/7/2017 19:00
12288,3/1/2018 1:00
16384,1/24/2018 1:05
12288,11/7/2017 22:26
8192,11/19/2015 18:17
16384,7/28/2015 22:55
32768,10/23/2017 20:31
16384,11/13/2017 18:34
12288,10/24/2017 19:56
8192,11/9/2017 18:45
8192,2/8/2018 18:23
32768,1/8/2018 16:52
16384,11/19/2015 18:17
12288,10/25/2017 14:48
8192,10/29/2017 21:39
16384,5/27/2015 21:31
12288,10/27/2017 15:45
8192,11/27/2017 20:25
12288,10/18/2017 19:32
12288,10/27/2017 13:25
16384,11/14/2017 19:10
12288,1/23/2018 22:00
32768,11/7/2017 20:39
16384,11/13/2017 17:17
8192,12/29/2017 22:04
8192,11/9/2017 18:54
12288,3/1/2018 22:52
16384,3/19/2015 14:36
12288,10/17/2017 22:02
12288,1/24/2018 0:52
12288,1/9/2018 16:26
12288,10/26/2017 17:51
16384,11/19/2015 18:31
32768,10/29/2017 22:45
16384,11/23/2015 15:00
16384,8/18/2015 21:02
32768,1/9/2018 16:20
12288,1/23/2018 21:47
12288,1/10/2018 16:36
8192,10/23/2017 20:43
16384,11/19/2015 18:55
12288,1/23/2018 23:26
12288,10/18/2017 19:37
8192,11/27/2017 19:52
12288,1/23/2018 23:21
16384,10/25/2017 16:10
32768,10/18/2017 18:09
12288,10/25/2017 17:50
8192,1/26/2018 0:58
32768,10/27/2017 14:57
12288,10/24/2017 15:26
16384,10/28/2017 23:32
12288,1/9/2018 16:06
12288,8/17/2017 5:21
8192,10/18/2017 17:19
12288,3/1/2018 1:11
12288,1/23/2018 23:51
12288,10/18/2017 17:48
8192,11/8/2017 20:46
12888,1/15/2016 16:17
8192,11/8/2017 21:51
12288,1/9/2018 20:08
32768,10/23/2017 1:43
8192,10/19/2017 17:02
32768,12/29/2017 22:11
8192,2/6/2018 19:24
32768,10/18/2017 18:45
12288,10/28/2017 23:24
8192,1/17/2018 18:25
16384,1/9/2018 16:03
16384,10/31/2017 23:22
32768,10/23/2017 20:19
8192,10/28/2017 21:15
12288,1/10/2018 14:21
12288,11/7/2017 17:50
8192,1/26/2018 17:31
8192,2/6/2018 17:58
16384,10/29/2017 20:35
16384,1/23/2018 17:44
12288,1/24/2018 1:04
12288,1/9/2018 19:49
8192,11/9/2017 20:54
8192,10/20/2015 18:50
16384,1/23/2018 23:08
32768,10/23/2017 2:10
12288,2/13/2018 18:02
12288,1/23/2018 17:01
32768,1/21/2016 14:27
16384,1/9/2018 19:41
16384,10/31/2017 23:01
32768,9/15/2015 21:17
16384,1/23/2018 21:44
32768,10/17/2017 21:11
16384,10/17/2017 21:01
16384,10/23/2017 20:12
32768,1/9/2018 20:38
16384,10/17/2017 19:27
32768,1/23/2018 17:02
32768,10/23/2017 9:43
12288,10/25/2017 19:45
8192,11/9/2017 18:54
8192,11/7/2017 19:50
8192,11/8/2017 20:47
16384,10/31/2017 23:01
32768,10/23/2017 1:42
8192,1/8/2018 20:19
32768,10/16/2017 16:31
12288,1/23/2018 17:56
32768,12/5/2017 19:52
12288,1/23/2018 19:38
16384,10/31/2017 22:32
32768,12/5/2017 22:31
16384,10/23/2017 20:12
16384,11/4/2016 14:23
16384,11/19/2015 18:17
32768,10/27/2017 14:23
16384,10/23/2017 17:37
32768,10/29/2017 22:01
16384,1/10/2018 17:47
12288,1/23/2018 21:42
16384,10/24/2017 16:59
16384,1/24/2018 14:10
16384,9/4/2015 16:28
12288,1/23/2018 18:40
16384,1/20/2016 13:20
32768,1/2/2018 19:14
32768,12/29/2017 22:11
8192,11/8/2017 21:01
32768,10/23/2017 9:43
12288,10/26/2017 14:20
16384,7/28/2015 20:25
12288,3/7/2018 21:22
8192,11/9/2017 19:45
32768,12/5/2017 19:10
32768,10/29/2017 20:50
32768,10/23/2017 19:55
12288,1/9/2018 19:42
12288,10/28/2017 23:58
8192,1/29/2018 15:32
16384,1/23/2018 23:12
12288,3/6/2018 21:18
16384,10/18/2017 18:19
8192,1/29/2018 15:31
16384,11/19/2015 18:31
32768,10/11/2017 18:36
32768,10/23/2017 1:42
12288,10/18/2017 18:15
12888,11/21/2017 0:11
32768,1/8/2018 16:51
32768,12/5/2017 19:59
32768,10/24/2017 18:38
32768,10/23/2017 9:49
32768,11/7/2017 19:35
12288,1/23/2018 22:55
12288,1/9/2018 19:41
32768,10/27/2017 13:58
32768,10/29/2017 20:36
17000,11/19/2015 18:31
16384,1/9/2018 20:07
12288,10/27/2017 14:29
8192,2/7/2018 13:11
12288,2/13/2018 18:02
16384,11/1/2017 1:20
32768,10/23/2017 16:22
12288,1/23/2018 19:29
8192,10/28/2017 23:23
12288,1/23/2018 19:38
8192,11/23/2015 22:06
12288,2/13/2018 18:02
32384,2/5/2016 13:36
32768,12/30/2017 0:00
32768,10/23/2017 2:04
12288,2/13/2018 18:02
16384,11/19/2015 18:31
12288,1/23/2018 22:00
8192,11/27/2017 22:05
32768,1/2/2018 18:09
16384,1/23/2018 23:04
12288,10/26/2017 14:58
32768,12/29/2017 21:22
32768,1/2/2018 19:41
12288,1/23/2018 22:54
8192,1/29/2018 14:35
8192,11/9/2017 18:37
32768,11/7/2017 19:07
8192,1/29/2018 15:32
16384,1/23/2018 17:45
8192,2/7/2018 13:11
16384,8/13/2013 13:50
16384,1/20/2016 14:04
32768,1/2/2018 16:26
32768,10/28/2017 20:52
12288,10/24/2017 23:09
17000,11/19/2015 18:31
32768,1/9/2018 21:17
32768,10/17/2017 22:46
12288,10/19/2017 17:02
32768,1/2/2018 14:06
8192,11/7/2017 20:25
16384,7/9/2015 15:27
16384,1/23/2018 19:38
32768,1/2/2018 18:17
32768,11/9/2017 19:52
32768,1/2/2018 20:22
16384,11/1/2017 1:27
12288,10/31/2017 12:19
12288,3/1/2018 1:04
16384,3/25/2015 15:14
32768,10/22/2017 22:14
32768,10/27/2017 13:51
8192,2/6/2018 19:54
32768,10/22/2017 21:36
12288,8/17/2017 4:17
32768,10/22/2017 17:14
32768,1/2/2018 19:41
16384,10/31/2017 22:54
8192,7/28/2015 22:00
32768,1/2/2018 18:09
16384,10/28/2017 23:59
8192,1/2/2018 19:11
32768,10/28/2017 23:58
32768,1/8/2018 20:18
16384,7/28/2015 21:51
12288,10/2/2017 17:36
8192,11/27/2017 19:31
8192,3/22/2017 15:41
12288,10/24/2017 15:26
16384,1/20/2016 13:31
16384,1/23/2018 19:38
32768,10/17/2017 21:41
8192,11/7/2017 19:35
32768,10/23/2017 2:26
12288,10/27/2017 1:45
32768,10/27/2017 17:11
8192,2/6/2018 19:53
32768,10/27/2017 17:41
12288,10/26/2017 23:39
8192,10/24/2017 17:11
16384,10/23/2017 17:42
12288,10/26/2017 17:58
16384,10/25/2017 16:04
32768,1/2/2018 14:06
8192,1/25/2018 23:47
12288,10/2/2017 17:32
8192,11/7/2017 23:01
32768,10/22/2017 22:09
12288,1/22/2018 18:57
8192,12/29/2017 23:01
32768,1/2/2018 19:10
8192,2/6/2018 17:54
32768,1/2/2018 18:08
16384,11/13/2017 18:19
8192,10/24/2017 16:29
8192,11/8/2017 21:51
16384,1/23/2018 22:02
32768,10/27/2017 17:11
16384,10/13/2015 16:41
32768,1/10/2018 18:26
8192,11/8/2017 22:27
12288,10/18/2017 18:30
32768,10/23/2017 1:20
16384,11/19/2015 18:17
8192,10/23/2017 20:36
12288,7/28/2017 16:35
12288,2/25/2018 22:06
12288,12/8/2017 23:21
12888,4/13/2016 22:01
12288,8/2/2017 15:53
12288,7/20/2017 21:35
12888,3/4/2016 15:32
12288,7/20/2017 21:23
12288,2/22/2018 17:46
12888,2/5/2016 9:41
12288,7/31/2017 19:10
12288,2/22/2018 18:38
12288,8/2/2017 15:40
12288,2/22/2018 18:38
12888,2/26/2016 19:50
12288,2/25/2018 22:00
12288,10/11/2017 18:51
12888,4/13/2016 16:39
12888,2/5/2016 9:41
12888,2/4/2016 22:44
12288,2/26/2018 14:04
12888,4/13/2016 17:06
12288,1/3/2018 16:51
12288,8/2/2017 16:06
12288,2/6/2018 18:18
12288,2/23/2018 1:46
12888,2/5/2016 17:57
12288,2/5/2016 9:41
12888,2/25/2016 21:05
12288,12/8/2017 22:44
12288,1/3/2018 16:34
12288,2/26/2018 4:00
12288,10/17/2017 16:00
12288,10/9/2017 17:15
12288,2/26/2018 4:01
12288,10/9/2017 16:52
12288,2/23/2018 12:08
12288,2/26/2018 14:03
12888,4/13/2016 22:01
12888,2/4/2016 22:18
12288,7/24/2017 16:45
12288,7/31/2017 18:44
12888,2/26/2016 19:50
12288,8/4/2017 19:44
12888,4/13/2016 16:39
12888,4/13/2016 22:01
49152,2/1/2016 13:25
12888,4/13/2016 16:39
12288,7/31/2017 19:10
12288,2/26/2018 1:19
32768,9/24/2015 18:53
12888,2/25/2016 21:26
12288,2/26/2018 6:01
12288,12/10/2017 13:06
12888,4/13/2016 16:39
12288,2/22/2018 18:38
12288,2/25/2018 21:59
12888,4/13/2016 22:01
12288,2/26/2018 1:19
12288,2/26/2018 4:00
12888,4/13/2016 16:39
12288,7/25/2017 18:54
12288,7/31/2017 19:10
12888,4/13/2016 17:06
12288,2/22/2018 23:48
12888,2/4/2016 22:43
12888,4/13/2016 16:39
12288,2/26/2018 4:00
12288,12/10/2017 13:55
12288,7/20/2017 20:44
12888,4/13/2016 16:39
12288,2/26/2018 1:19
12288,12/8/2017 23:04
12288,2/23/2018 1:46
12288,12/8/2017 22:22
12288,8/2/2017 19:09
12288,2/26/2018 14:03
12288,2/27/2018 16:08
12288,8/1/2017 15:56
12888,2/5/2016 9:41
12888,2/25/2016 15:24
12288,8/2/2017 15:53
12288,7/20/2017 21:00
12888,4/13/2016 22:01
12888,2/25/2016 22:49
12288,2/26/2018 6:01
12288,8/2/2017 15:53
12288,2/6/2018 19:24
12288,1/3/2018 16:36
12288,7/24/2017 16:45
12288,10/9/2017 17:15
12288,2/26/2018 1:19
32768,9/24/2015 21:01
32768,12/23/2013 14:21
32768,9/8/2014 23:49
32768,9/8/2014 23:53
32768,10/21/2014 18:59
32768,2/27/2015 19:54
32768,9/9/2014 0:10
32768,9/9/2014 0:37
32768,12/13/2013 14:31
16384,2/11/2015 15:23
32768,10/20/2014 19:42
32768,2/23/2015 20:11
32768,9/9/2014 0:17
32768,9/9/2014 0:34
16384,2/10/2015 14:23
32768,2/27/2015 19:41
32768,10/20/2014 17:42
32768,8/29/2014 20:06
20480,6/29/2015 11:40
16384,2/5/2015 1:51
32768,9/9/2014 0:06
32768,8/29/2014 20:13
16384,2/5/2015 1:49
32768,12/19/2013 14:13
32768,2/28/2015 16:06
32768,10/22/2014 22:08
32768,12/23/2013 14:21
16384,2/10/2015 14:20
16384,9/12/2014 14:02
32768,10/21/2014 19:08
32768,10/20/2014 19:49
32768,10/20/2014 20:46
32768,10/20/2014 17:40
32768,2/27/2015 18:25
32768,2/23/2015 20:15
32768,10/22/2014 22:14
32768,9/9/2014 0:32
16384,9/10/2014 16:38
32768,10/20/2014 21:01
16384,2/11/2015 15:29
32768,9/8/2014 23:41
32768,9/8/2014 23:52
